apk_name,api_calls,permissions,suspicious_methods,suspicious_resources,entropy,version,storage,label
caishunshop1113_gamble,18408,40,1,50,3.3232314287976203,1.11,64.1,gamble
A1B9E075897DA54DF1E9A2EBF693C49A_white,27,47,1,212,3.8011085007312415,0.0974,82.51,white
kuaizhi_white,4967,31,1,22,2.521640636343318,2.2,3.98,white
ty_sex,8128,12,1,40,1.0,3.2,18.46,sex
com.ggle.android.gsf_10_29_black,744,71,1,45,4.103909910282363,0,4.1,black
spy-rename-1108_signed_20230914_165959_white,54,37,1,229,4.273728829005326,4.37,44.3,white
xqnrjk_black,5400,41,1,12,2.584962500721156,1.0,5.79,black
ktll44_white,3645,20,1,20,1.9182958340544896,4.722421,3.13,white
sftv_tcl051_1.1.1_sex,15461,26,1,127,3.263933429485634,1.11,36.59,sex
tvchong2.3.6_black,21253,38,1,47,3.4182958340544896,2.36,31.87,black
ymxxl-90013_white,1790,13,1,102,3.095795255000934,2.01,92.36,white
Jixyx0113_6747_white,9581,30,1,49,3.378783493486176,6.747,60.57,white
63b_sex,4404,8,1,30,1.584962500721156,3.5,8.79,sex
tfxlb853175_white,27,43,1,59,3.277613436819116,1.0,75.23,white
mtxfczbca_white,10,13,1,9,Êó†Ê≥ïËÆ°ÁÆó,1.0,17.9,white
redungeon_v4.65_downyi.com_white,7381,7,1,44,4.026986833359286,4.65,41.22,white
mv_xiaoketoushipin_sex,9940,13,1,17,3.794653473544342,2.2,13.16,sex
95Ëá≥Â∞ä_1.0_gamble,2238,3,1,34,3.0,1.0,72.48,gamble
18_black,9581,33,1,45,1.0,1.64,37.84,black
GS_scam,7377,25,1,20,Êó†Ê≥ïËÆ°ÁÆó,1.0,15.2,scam
bcfeebhr.cfadhbes.dhhcject_scam,23,25,1,56,3.363713275750189,3.721,31.05,scam
com.huaxiaozhu.driver_1.22.17_black,4216,39,1,105,4.03039478823102,1.2217,86.83,black
xx_scam,10761,46,1,68,-0.0,4.73,30.28,scam
65148_sex,6468,12,1,22,2.321928094887362,2.69,10.29,sex
lm_sex,14825,31,1,102,1.0,2.91,65.95,sex
avcar_sex,7881,29,1,33,1.9219280948873623,1.0,24.56,sex
yesj_scam,16371,43,1,117,Êó†Ê≥ïËÆ°ÁÆó,3.0,75.72,scam
Android_OneApp_v2.2.9_b11_Release_202307211314__sign_sex,12879,32,1,88,4.323023316113392,2.29,30.52,sex
6160069_sex,13086,17,1,20,1.8423709931771084,2.01,17.96,sex
sdmmm0001_sex,7872,12,1,27,2.113283334294875,2.72,11.73,sex
1.4.42_s149085_c0_v2_black,27228,53,1,63,3.446439344671015,1.442,49.72,black
gopay_black,6988,31,1,27,2.321928094887362,2.71,14.83,black
leisi_master_sex,7365,11,1,48,3.0849625007211556,8.06,24.34,sex
sghjkv8trha_gamble,7172,22,1,48,3.277613436819116,4.0,20.27,gamble
caomeiyinghe13_sex,3621,18,1,13,3.52164063634332,1.8,5.43,sex
59_black,34,12,1,15,Êó†Ê≥ïËÆ°ÁÆó,2.061,11.8,black
wbmmacu25_105_sex,1413,4,1,8,3.3927474104487847,1.01,1.91,sex
hls_black,15,15,1,70,1.584962500721156,1.43,28.99,black
TJGC_20231114_1.0.3_white,27,34,1,71,3.300559092390954,1.03,54.21,white
fengchi11034_white,27,25,1,30,3.4182958340544896,2.89,24.2,white
2fb31579f356653af8f5eadc83734e47_sex,10025,39,1,17,3.6761085007312415,1.18,14.55,sex
ÂÜú‰∫ãÁõ¥ÈÄö_white,18922,29,1,61,2.0,1.193,64.2,white
xingzhe_white,25240,85,1,185,2.807354922057604,8.2812,99.07,white
LC-SM_scam,34,25,1,28,2.321928094887362,24.0314,37.69,scam
o64xtmo86hk2k6mhvt_gamble,7172,22,1,48,3.350209029099897,4.0,20.28,gamble
mmlu_sex,4180,11,1,17,1.5,1.36,17.04,sex
mv_xiaolanshipin_white,9940,13,1,17,3.452819531114783,2.2,13.15,white
yqz178_scam,10997,52,1,64,2.584962500721156,7.112,20.35,scam
Â∑®ÊòüÁßëÊäÄ_scam,14328,57,1,91,Êó†Ê≥ïËÆ°ÁÆó,2.3068,38.95,scam
1240647_black,13086,17,1,20,2.5216406363433186,2.01,17.95,black
ysh_sex,2953,5,1,55,1.584962500721156,1.0,35.09,sex
‰∏úÊñπÊú∫ÊûÑ_scam,7750,25,1,57,Êó†Ê≥ïËÆ°ÁÆó,1.09,45.77,scam
SonyHires-backoffice-3.6.91698827043429_white,17786,46,1,35,4.548097411114467,3.69,63.24,white
ZqERp_black,8629,33,1,28,2.321928094887362,1.0,15.55,black
weixing4.9_v4.9_downyi.com_white,5729,43,1,147,3.8731406795131327,5.02,22.67,white
ÂõΩÂÆ∂ÂÖΩËçØÁªºÂêàÊü•ËØ¢V3.1.8_white,3592,9,1,36,3.6644977792004623,3.18,8.59,white
1420a3a19c763c363449a5c037bf8534_sex,3621,18,1,13,3.5931390622295662,1.8,5.43,sex
mtsq_41549_white,6132,15,1,26,3.121928094887362,2.71,5.0,white
zjsoft0005_sex,7818,12,1,26,2.8464393446710154,2.705,10.83,sex
403_sex,34,12,1,14,Êó†Ê≥ïËÆ°ÁÆó,10.312152,11.96,sex
GB27602014cxxt_v1.0.0_downyi.com_black,5590,14,1,14,4.226409765557392,1.0,6.7,black
com.huaxiaozhu.rider_1.8.6_black,3153,34,1,88,3.931208948910322,1.86,72.87,black
safeapp_white,10021,33,1,39,2.2359263506290326,1.047,27.99,white
chuanshu-android-latest_black,14638,33,1,95,3.708132064658602,1.5104013,30.26,black
jiafeimao_v1.8.4.1-release-2022_07_29-17-21_sign_white,7584,43,1,48,4.254247855285174,1.841,29.65,white
mv_xingfubao_white,9940,13,1,17,3.584962500721156,2.2,13.16,white
kisssub_app_sex,1410,11,1,7,2.8453509366224368,2e-06,7.48,sex
KFC_Brand_white,105,35,1,133,Êó†Ê≥ïËÆ°ÁÆó,6.52,57.05,white
wtszb_scam,3566,11,1,27,2.321928094887362,1.0,48.56,scam
6e844578cd3ec2f9199371178e368f76_black,16476,34,1,40,3.569548827786958,3.07,16.58,black
base62_scam,9792,30,1,41,2.584962500721156,23.1208,30.1,scam
mv_luolishe_white,9940,13,1,17,3.277613436819116,2.2,13.37,white
hksc_white,7553,20,1,39,2.0,4.0,26.49,white
mwmr102_black,5652,14,1,59,2.5216406363433186,2.7,41.86,black
202310131207209615_black,6906,24,1,34,2.725480556997868,1.08,17.82,black
2857380_black,38,50,1,101,2.5216406363433186,1.2,87.89,black
efb962c453184bfe8acf03525c272ec3_scam,13192,26,1,46,3.7181390622295662,7.30009,33.86,scam
chugefang_v2.2.5_black,85,42,1,106,3.625,2.25,85.24,black
4c9e828a02f14348488bdf81c5932f86_black,26339,32,1,69,3.588710641914682,7.1607166031,25.68,black
yfwz_scam,2868,47,1,52,2.0,1.9,5.14,scam
vcb6xg8n613_gamble,7172,22,1,48,3.277613436819116,4.0,20.26,gamble
61918_sex,6468,12,1,22,1.9219280948873623,2.69,10.26,sex
app_v3.0.1_sex,10798,22,1,23,2.9219280948873623,3.01,29.17,sex
8_black,34,12,1,15,Êó†Ê≥ïËÆ°ÁÆó,2.061,11.8,black
whzq_scam,9757,25,1,47,2.0,24.032,68.3,scam
2c_sex,4428,8,1,29,1.0,3.5,9.49,sex
wns_gamble,2843,10,1,13,1.584962500721156,1.0,12.85,gamble
68lsh4t6hwylfitk0p_gamble,7172,22,1,48,3.7254805569978675,4.0,20.28,gamble
eggplant_release_2023_07_19_16-48_v2.9.5.0_230712_jiagu_luodiye_gamble,12312,28,1,97,Êó†Ê≥ïËÆ°ÁÆó,2.95,22.13,gamble
kb-daoqi012cpa_white,5066,14,1,26,3.6644977792004623,2.1,11.82,white
BPI_scam,7942,23,1,51,Êó†Ê≥ïËÆ°ÁÆó,1.31,38.71,scam
62040_sex,6468,12,1,22,1.9219280948873623,2.69,10.27,sex
wallpaperad913_17043_white,6766,14,1,65,3.6841837197791887,2.215,91.35,white
Lutwo.ver307_sex,77,22,1,20,3.584962500721156,3.07,16.14,sex
1.0.2_scam,34,29,1,50,1.9219280948873623,1.02,69.04,scam
09240a70047a97b73237b8afea507934_black,18752,66,1,81,3.3317475629608078,3.5,81.78,black
91soyo_white,9256,32,1,32,2.251629167387823,1.15,19.63,white
zw.ytwd.hnuw_scam,4985,8,1,56,3.0220552088742,1.0,18.49,scam
yxwpjsq0006_black,12026,18,1,20,3.027169118440619,30.2,12.27,black
56f70de5e3bc8ac4890af8e75968c36f_black,12965,71,1,246,3.694548827786958,10.1,81.19,black
712020_black,13086,17,1,20,1.9182958340544896,2.01,17.95,black
com.eBXNPIxih.FaXPakTtiQAkj_scam,14328,57,1,77,Êó†Ê≥ïËÆ°ÁÆó,6.7488,42.78,scam
xhds_white,27,13,1,18,2.0,1.029,14.25,white
55f8bf5503e6f13829569f38d7298de6_black,10272,66,1,228,3.5039280318460246,10.23,68.62,black
wwl_sex,7879,35,1,99,0.9182958340544896,1.16,30.75,sex
renwoxing_downyi.com_white,7327,33,1,63,3.6464393446710153,2.04,20.1,white
PDA_RUINENG_PRO_3.0.42_202311140910389519959_white,6696,33,1,34,4.079225801519103,3.042,19.35,white
youxin_white,77,72,1,236,2.584962500721156,2.211,94.81,white
mv_qiezishipin_white,9940,13,1,17,3.2359263506290334,2.2,13.17,white
BK-USER_black,12738,39,1,74,2.807354922057604,8.1,65.36,black
ear98gr6_gamble,7172,22,1,48,2.75,4.0,20.26,gamble
713011_black,13086,17,1,20,1.7924812503605778,2.01,17.98,black
new_deppon_pma_white,74,61,1,51,3.039148671903071,0.1161,33.86,white
‚ùÄÍóº‚ùÄ_scam,14990,72,1,88,Êó†Ê≥ïËÆ°ÁÆó,1.0,70.04,scam
„Åä„Åã„Åä_scam,0,0,0,0,Êó†Ê≥ïËÆ°ÁÆó,-1.0,70.54,scam
4d73ea74daabff284a5ecc0030090104_sex,3621,18,1,13,3.640319531114783,1.8,5.43,sex
reop4013_gamble,5685,22,1,60,3.0,6.2,23.15,gamble
android_925081710147003_gamble,2757,2,1,5,3.7950885863977324,1.02,1.3,gamble
mv_91taoseshipin_sex,9940,13,1,17,3.75,2.2,13.15,sex
magazine1.1.0_white,9126,26,1,40,3.238901256602631,1.1,26.96,white
ÂçéÊú¥Ëæ∞Êµ∑_scam,34,25,1,29,2.0,24.0314,42.49,scam
86-yl.cll.im.nenif_scam,10714,37,1,90,3.419381945646371,7.28,20.64,scam
hui.member_white,3445,11,1,40,2.9219280948873623,1.4,24.01,white
qysq1.5.0_154_11-03-20-13_sex,23,15,1,75,3.3990795706241745,1.5,29.3,sex
34943_black,6468,12,1,22,1.5219280948873621,2.69,10.24,black
hm_gspace_release_white,14898,182,1,33,3.2639334294856344,2.26,15.27,white
nucoaix.ucsoexwqly.npdpnpd_scam,17275,64,1,132,3.8731406795131322,2.7,68.01,scam
jzdbz_v1.2.13_downyi.com_white,4574,7,1,88,3.9701755214643453,1.213,85.51,white
qianxun_white,260,29,1,58,2.521640636343318,1.08,41.18,white
SAiNjKl-147YP_sex,15,14,1,58,3.7004397181410926,4.7,30.54,sex
huoying1060755_black,3105,21,1,3,3.521640636343319,2.1,4.86,black
61924_sex,6468,12,1,23,2.321928094887362,2.69,10.26,sex
712052_sex,13086,17,1,20,2.2516291673878226,2.01,17.95,sex
mv_hanxiucaoshipin_white,9940,13,1,17,3.5724312513221195,2.2,13.15,white
hybook_white,38,23,1,24,2.251629167387823,1.17,11.83,white
ÁßÅ‰ø°_sex,27,69,1,68,1.0,5.14,31.27,sex
3_black,34,12,1,14,Êó†Ê≥ïËÆ°ÁÆó,8.3272,11.93,black
SmartCharge-release-v1.20.6-20231009_1206_jiagu_signed_white,27,35,1,78,4.440189012169191,1.206,24.53,white
yxdmjsq0004_black,12026,18,1,20,3.027169118440619,30.2,12.27,black
ls_white,14235,59,1,39,1.0,1.24,15.96,white
34-zc3376app-release_black,3715,4,1,5,3.5464393446710147,1.0,2.12,black
1669079100761592_sex,9940,13,1,17,2.686278124459133,2.2,13.16,sex
jjwt_white,11254,35,1,59,1.5,2.1,93.85,white
com.wvagpe.xhrhoppe_scam,14328,57,1,92,Êó†Ê≥ïËÆ°ÁÆó,0.184,39.94,scam
vcl1000001_sex,34,36,1,52,1.9609640474436811,2.584,28.48,sex
630021_black,13086,17,1,20,2.2516291673878226,2.01,17.95,black
MH_C_1.5.1_151_2023.11.07_sex,13586,14,1,29,3.1434651896016472,1.51,12.17,sex
com.ggle.android.gsf_13_33_black,3599,77,1,46,3.921029621737614,13.0,6.95,black
dzb_32_black,6875,15,1,36,2.584962500721156,1.32,46.64,black
PFGEX_scam,5833,32,1,106,2.321928094887362,1.0,11.51,scam
tenwin_white,6730,22,1,66,2.2516291673878226,0.176,49.55,white
com.huaxiaozhu.rider_123767_black,18161,38,1,84,4.162294909570877,1.4,51.73,black
ybdw_v1_white,12731,35,1,35,2.807354922057604,1.7,17.62,white
hua_scam,14990,72,1,88,Êó†Ê≥ïËÆ°ÁÆó,1.0,68.83,scam
bytl1806_white,21866,47,1,71,3.0,18.06,70.92,white
sdmmm0015_sex,7872,12,1,27,2.4193819456463714,2.72,11.74,sex
26edec3c8b83b984204267e96ae022e1_black,34,17,1,3,3.6022170014624826,1.3,3.99,black
ZTON_scam,15358,73,1,91,Êó†Ê≥ïËÆ°ÁÆó,1.14,77.33,scam
malata_white,6264,16,1,145,1.7924812503605778,3.5,34.96,white
1.4.42_s115140_c0_v2_black,27228,53,1,63,3.1464393446710153,1.442,49.72,black
c2cf36b672d0c115c102e1196645d27d_black,4107,15,1,16,3.551108500731241,3.13,3.83,black
mdmjgfb__white,39872,63,1,288,2.75,8.1911,98.96,white
oneMallSystem6-v1.0.3_white,6693,25,1,30,4.106603137064474,1.03,17.95,white
6xvkq8lkwcrtlpxuhb_gamble,7172,22,1,48,3.8365916681089787,4.0,20.28,gamble
dysq-1.1.0-6-20230726050334687_sex,4998,11,1,25,3.6859175795054955,1.1,29.12,sex
5jikl78gh98t_gamble,7172,22,1,48,3.4182958340544896,4.0,20.27,gamble
com.huaxiaozhu.driver_123768_black,16673,40,1,93,4.307354922057604,1.4,80.51,black
hutaodzslm_white,14403,24,1,21,3.321928094887362,1.1,28.16,white
ùñû‡øèùñû_scam,15358,73,1,92,Êó†Ê≥ïËÆ°ÁÆó,1.14,87.31,scam
20231025064023232_black,7488,48,1,59,2.424835634986198,1.03,24.41,black
ydm_33_white,6875,15,1,36,2.2516291673878226,1.33,46.64,white
9177_gamble,3184,15,1,103,1.5,1.001,69.04,gamble
16_base_black,105,13,1,34,Êó†Ê≥ïËÆ°ÁÆó,1.023,46.02,black
mengdui-v2.1.8-2-20230520024016527_nbhome1_sex,7576,26,1,35,4.18348647198907,2.18,24.96,sex
gsedj_v1.0_downyi.com_black,3933,15,1,34,4.011365041826379,1.0,19.59,black
national_postman_1.5.0_white,34,34,1,98,3.6635327548042533,1.5,68.18,white
1e7f92e2ad04294293760d2aba20bbc3_sex,3621,18,1,13,3.6084585933443494,1.8,5.43,sex
dxjgb2_scam,2374,11,1,33,2.584962500721156,8.161,10.38,scam
ivms4500hd_v4.1.5_downyi.com_black,6270,25,1,44,3.9946803684089085,4.15,16.5,black
1.4.42_v2_black,27228,53,1,63,2.5032583347756456,1.442,49.72,black
xjyy_3.3.0.5_dangbei_white,4852,32,1,22,3.7841837197791888,3.305,5.47,white
712018_black,13086,17,1,20,2.2516291673878226,2.01,17.98,black
202311101159118_Â§©Ê∂Ø11-10_black,15518,32,1,60,2.785554632098879,2.201,47.05,black
com.apkpure.aegon_scam,10679,40,1,15,3.4992275471326932,3.1968,9.56,scam
‰∏úÊñπÂØÜ‰ø°_scam,11140,28,1,47,2.0,0,35.96,scam
jdong_tlljg22_sex,3741,14,1,21,3.085055102756477,2.6,16.26,sex
zc_gamble,2843,7,1,26,1.0,1.0,4.29,gamble
shyy_sex,11151,17,1,45,1.5,4.16,23.48,sex
mv_caomeishipin_white,9940,13,1,17,3.456564762130954,2.2,13.16,white
douyin_tdy3975_5.2.1_sex,15445,26,1,125,3.821928094887362,5.21,36.65,sex
sy_scam,10761,46,1,173,Êó†Ê≥ïËÆ°ÁÆó,4.73,35.58,scam
hxsyjsbbgrjxz1049970_white,6905,17,1,43,3.721928094887362,1.03,26.89,white
64587_sex,6468,12,1,22,2.321928094887362,2.69,10.24,sex
0bbc35dbd93c7f243ddd714062c45c19_black,33,11,1,6,3.566428031846024,3.5,6.78,black
MH_A_1.5.1_151_2023.11.07_sex,13586,14,1,29,3.1434651896016472,1.51,12.17,sex
2801835_black,16566,49,1,100,2.5216406363433186,1.38,71.01,black
www_black,2665,6,1,7,-0.0,1.1,4.1,black
laowang_sex,7881,29,1,32,2.5216406363433186,1.1,24.54,sex
jmqsbjmnq_white,5688,4,1,35,2.5032583347756456,0,21.7,white
yxdmjsq0008_black,12026,18,1,20,3.027169118440619,30.2,12.27,black
mv_1024shipin_white,9940,13,1,17,3.546593564294939,2.2,13.15,white
5f9028a4aff659a277ad1d002b3f7f6c_sex,3621,18,1,13,3.691428031846024,1.8,5.43,sex
jtyudi-90008_white,1790,13,1,101,3.188721875540867,2.01,98.01,white
Qu_8.3.0009_white,13195,26,1,68,2.8453509366224368,8.30009,26.45,white
1745d46911fc0a77d6d3befe4d7926cf_scam,110,43,1,101,3.7181390622295662,9.3118,90.8,scam
shuzirmb_scam,16048,74,1,91,3.0,1.011,74.43,scam
20231024-234328_sex,3985,23,1,27,2.5492553971685,4.31,36.68,sex
92ab024173eb7cd90383af987bcc0793_black,21848,51,1,91,3.6167292966721747,8.8,42.31,black
lehuo-H10151_white,30041,62,1,218,3.188721875540867,4.1399,55.93,white
sdmmm0039_sex,7872,12,1,27,2.4193819456463714,2.72,11.73,sex
V8_gamble,3338,11,1,63,1.0,0.001,42.83,gamble
qingyou_sex,9166,31,1,85,2.807354922057604,1.31,75.5,sex
meSurveillance_universal_v4_1692175572675.0.12.1063_release_white,13581,56,1,221,4.328565346451485,4.0121063,99.65,white
app_scam,1625,2,1,7,Êó†Ê≥ïËÆ°ÁÆó,1.05,5.54,scam
626004_black,13086,17,1,20,1.9182958340544893,2.01,17.94,black
xinhuolang_v1.0.0_downyi.com_sex,64,17,1,50,4.0836169753972325,1.0,55.54,sex
sdjsq_58419_black,9729,29,1,36,3.2776134368191165,1.31,17.39,black
Âô´Ë¥ùÊòì_white,6790,37,1,14,1.584962500721156,1.0,6.04,white
app-22102401_white,6285,24,1,11,2.688721875540867,1.05322102401,5.93,white
c8a92555ecac4548b003afc1197b4cb7_scam,13195,26,1,68,3.6289280318460246,8.3001,26.45,scam
1698977269882_black,5452,27,1,15,2.5073801024236357,2.3106,7.38,black
mv_shuiguopai_white,9940,13,1,17,3.3927474104487847,2.2,13.16,white
sxzsjb123456_white,14604,34,1,82,3.418295834054489,2.02,55.22,white
aqdlt_android_0828_sex,2573,3,1,9,3.572431251322119,1.2,3.7,sex
com.huluxia.gametools42185_black,15600,37,1,159,4.132944044980958,4.2185,34.96,black
Ê≤ÉÂçöËÅî_scam,14328,57,1,90,Êó†Ê≥ïËÆ°ÁÆó,4.474,39.19,scam
stt866384_sex,83,51,1,365,Êó†Ê≥ïËÆ°ÁÆó,15.4,92.06,sex
base_scam,14992,72,1,88,Êó†Ê≥ïËÆ°ÁÆó,1.0,67.44,scam
inspectweigh2.0-1.0.3.1-online_1031_jiagu_sign_white,27,23,1,23,4.205536075989824,1.031,17.71,white
xlcs_2010_white,6456,13,1,18,2.9477027792200903,1.0,62.24,white
04fef0b5fcb9c8cc3365bf6f29bd02d1_scam,9907,26,1,114,3.6136085007312415,2.27,95.5,scam
hxpptbby_qra48_sex,23,15,1,76,3.521640636343319,1.12,25.77,sex
dytt_tdytt051x_1.1.0_black,10173,21,1,70,3.0037016960573486,1.1,11.68,black
zjbwdl23zs_white,11637,22,1,43,3.121928094887362,4.1,47.26,white
ukfezxffa_white,79,13,1,9,Êó†Ê≥ïËÆ°ÁÆó,1.0,17.92,white
GoldElephant_scam,42,25,1,54,3.418295834054489,3.734,31.05,scam
yy_white,7709,29,1,47,-0.0,1.3,36.59,white
gah527_web_gamble,4145,6,1,3,3.321928094887362,0,3.08,gamble
oneMallSystem9-v1.0.3_white,6693,25,1,31,4.106603137064474,1.03,17.88,white
wKgBiGVR5NOAGEhKAljowOIKhFA316_white,16414,40,1,94,4.32323142879762,1.65,37.56,white
zxdy_white,6925,37,1,15,2.0,1.0,6.95,white
com.wahua.yangyang_gamble,1285,15,1,157,3.2810361125534233,2.0,75.89,gamble
1310400004_gamble,6199,24,1,35,1.7609640474436812,1.01,40.54,gamble
feiyue30023_white,7864,15,1,31,2.9139770731827523,2.63,32.4,white
lianxing_black,8434,33,1,72,2.5,1.06,28.78,black
base9_scam,1494,7,1,13,2.321928094887362,1.0,5.43,scam
49shipin_1015_sex,8439,20,1,31,3.3927474104487847,6.666,20.88,sex
MGK_1.1.0.1_Launcher_white,1071,10,1,4,3.7464393446710154,1.101,0.46,white
‰∫ëÊúçÂä°_scam,7407,38,1,35,1.584962500721156,8.09,30.69,scam
hlj_0708_sex,1739,13,1,19,2.75,1.0,14.12,sex
com.rlsas.rlsas_scam,9792,30,1,38,2.8402239289418523,24.0104,29.92,scam
install_scam,4666,15,1,22,2.521640636343318,2.21,25.76,scam
12-hc465app-release_gamble,3715,4,1,5,3.6818808028034025,1.0,2.14,gamble
bible_black,11911,10,1,45,1.9219280948873623,3.35,28.13,black
ymxxl-90010_white,1790,13,1,102,2.8453509366224368,2.01,92.36,white
dyy_scam,15358,73,1,91,Êó†Ê≥ïËÆ°ÁÆó,1.14,77.33,scam
ywjx_white,8605,20,1,62,2.0,1.38,47.56,white
2947767deeede2ed0975fbb40607234c_gamble,4768,36,1,504,3.4925365325772657,1.1,142.53,gamble
GoogleServicesFramework_black,1210,66,1,4,3.7622673906514947,0,1.53,black
bl_scam,4974,13,1,6,1.0,1.0,18.52,scam
Fast_qd13_white,27,15,1,38,3.169925001442312,5.15,24.65,white
·Ñé·Ö•·Ü´·ÑÄ·ÖÆ·Ü®_scam,15235,72,1,83,2.584962500721156,1.0,77.84,scam
ÂÖ¨ÂÆâÊ£ÄÂØüÁ≥ªÁªü_scam,4094,32,1,17,Êó†Ê≥ïËÆ°ÁÆó,48.558913,8.82,scam
e10c56c391a1ecf23ba1f56ae974265d_black,416,13,1,2,3.757048827786958,5.31,0.09,black
5_sex,34,12,1,14,Êó†Ê≥ïËÆ°ÁÆó,1.0,11.91,sex
okpay_white,8494,37,1,14,2.321928094887362,2.01,16.41,white
IG_scam,14992,72,1,217,Êó†Ê≥ïËÆ°ÁÆó,1.0,78.37,scam
4ed1dd2e80f254a166241426d371563f_scam,2529,11,1,13,3.5,2.02,55.05,scam
Unistep_net_white,10466,45,1,34,2.9139770731827523,1.89,26.73,white
mv_huoyanshipin_white,9940,13,1,17,3.506890595608519,2.2,13.16,white
hxl0015_sex,8828,53,1,76,2.521640636343318,1.13,38.3,sex
dx_6001_black,15518,20,1,26,2.521640636343318,1.44,29.29,black
shlsys0050_sex,7868,12,1,27,2.3709505944546687,2.719,11.67,sex
„Éü„Éü_scam,10761,46,1,171,Êó†Ê≥ïËÆ°ÁÆó,4.73,34.02,scam
MH_E_1.5.1_151_2023.11.07_sex,13586,14,1,29,3.1434651896016472,1.51,12.17,sex
14-hc473app-release_gamble,3715,4,1,5,3.5766176449086657,1.0,2.14,gamble
ÁõäÊ∞ëÂçèÂäû_scam,14994,72,1,89,Êó†Ê≥ïËÆ°ÁÆó,1.0,72.88,scam
P16_com.bawohuilaile.cn_v1511_202307010058_gamble,6564,31,1,69,4.345313412039782,1.511,41.49,gamble
cilicili_v3.4.7_1684734688_sex,13244,29,1,64,Êó†Ê≥ïËÆ°ÁÆó,3.47,26.22,sex
9a5465599b8140cfb0c2dd72db4c8455_black,27,83,1,73,3.6053377974034158,3.002,60.74,black
com.azure.authenticator_v6.2112.8250_downyi.com_black,14747,31,1,50,4.392265649909751,6.2112825,60.69,black
com.vtufjr.nbdswrej_scam,6128,19,1,48,Êó†Ê≥ïËÆ°ÁÆó,1.0,8.33,scam
jz_scam,15052,65,1,133,1.0,1.8,69.89,scam
ykh_scam,23,11,1,27,1.584962500721156,1.0,44.16,scam
yx_scam,10761,46,1,161,Êó†Ê≥ïËÆ°ÁÆó,4.73,34.76,scam
XxMmYaWH_scam,14479,67,1,122,3.0,2.7,49.45,scam
jiasu_xuanfeng_white,13025,14,1,15,3.378783493486176,2.6,19.2,white
0f9dbc9a785e132b8fd5f832098e65b6_black,34,11,1,5,3.7806390622295662,5.5,4.27,black
mv_jiuye_sex,9940,13,1,17,3.0,2.2,13.16,sex
tpSurveillance_universal_v4_1695204371722.15.10.1132_release_white,13936,56,1,125,4.372905595320056,4.15101132,82.51,white
JMComic212.20_sex,9865,9,1,90,3.334679141051595,1.64,37.08,sex
hjll1.5.0_150_10-28-12-20_sex,15,15,1,73,3.3034651896016474,1.5,30.09,sex
yxwpjsq0298_black,12026,18,1,20,3.459431618637298,30.2,12.26,black
ddttmh0002_sex,7818,12,1,26,2.4464393446710155,2.705,10.87,sex
jwt_white,8574,34,1,56,1.584962500721156,1.08,43.13,white
lets-579_white,6,42,1,34,3.0,2.1824,50.12,white
gsh_white,19017,38,1,151,1.584962500721156,3.07,46.17,white
Lakala_Android_scam,110,43,1,101,3.3248629576173574,9.3118,90.8,scam
qooapp_white,16687,27,1,38,1.9182958340544896,8.19,20.43,white
bili240313_bili_240307_4.0.2+29_sex,3856,13,1,44,3.5263039714678293,4.02,39.06,sex
com.eizg.nwtq_scam,2374,11,1,34,3.5465935642949384,8.161,10.44,scam
hhdb7006_gamble,6457,13,1,16,2.5,1.0,62.83,gamble
210_black,34,12,1,14,Êó†Ê≥ïËÆ°ÁÆó,8.3272,11.96,black
bgjdrzcxxt_black,9758,189,1,19,3.1219280948873624,14.701,40.75,black
zxzt_scam,2374,11,1,33,1.5,8.161,10.76,scam
19b397ddacd8c994db041046b10e9d80_scam,11224,35,1,24,3.453626767019874,1.322,43.56,scam
323be0dc0cf448307e829ad7df156469_sex,3621,18,1,13,3.9056390622295662,1.8,5.43,sex
com.zshuall.fread_2a6d05ce_black,19831,33,1,61,4.132944044980958,1.08,25.1,black
1699844733046_black,6746,35,1,69,2.8731406795131336,4.1016,16.54,black
sjxqd_scam,7749,23,1,48,Êó†Ê≥ïËÆ°ÁÆó,10.01,23.82,scam
home_white,11387,29,1,14,2.0,1.8117,8.48,white
37aa0879ec32ef974df36a93afe92184_sex,1944,19,1,5,3.6167292966721747,1.5,0.79,sex
gyt_1.4.4_20231024_white,27,30,1,36,3.197159723424149,1.44,27.63,white
nanolite1.1.10_white,14936,31,1,78,3.1820058147602133,1.11,59.67,white
vkdui834gkjdkd_gamble,7172,22,1,48,3.128085278891395,4.0,20.27,gamble
29e9bbb51a5b115132177d30f42c7cc5_sex,3621,18,1,13,3.5664280318460246,1.8,5.43,sex
com.flmhf.flmhf_scam,9792,30,1,44,2.6565647621309543,240102.0,67.76,scam
51luoli_0801_sex,11168,13,1,30,3.084962500721156,3.3,16.93,sex
HCZT_scam,4974,13,1,11,2.0,1.0,18.74,scam
1681732829017_black,155,12,1,11,2.873140679513133,4.7,14.47,black
Eclipse_scam,7571,26,1,59,Êó†Ê≥ïËÆ°ÁÆó,1.17,47.22,scam
whzq2_scam,6658,24,1,47,2.321928094887362,24.0328,62.48,scam
base11_scam,5988,23,1,38,2.2516291673878226,5.14,17.93,scam
mmxxl-90008_white,1790,13,1,68,2.663532754804255,2.01,83.52,white
zhongshengzhilu1081670_white,6824,16,1,29,3.7887549139935026,2.13,54.75,white
com.app.secufex_scam,1350,8,1,3,3.373557262275185,4.0,1.94,scam
EoJTsSmkBgGLxVkjiZ5ZhvP9JzjFflvQ_scam,14328,57,1,176,Êó†Ê≥ïËÆ°ÁÆó,3.3847,45.97,scam
ÂçéË•øÁªàÁ´Ø_scam,7732,25,1,56,2.0,1.08,45.33,scam
app-release_white,27,38,1,106,2.663532754804255,1.367,51.96,white
book0617_sex,12143,26,1,93,2.75,2.54,48.1,sex
tt214811.5920_sex,357,4,1,5,3.0269868333592873,2.83,0.9,sex
ctzq_scam,9784,9,1,191,Êó†Ê≥ïËÆ°ÁÆó,1.0,36.52,scam
Light_qd12_white,27,14,1,32,3.321928094887362,2.15,25.65,white
banana_v3.4.4_1666671540_xjjhy_1_sex,7879,35,1,99,3.8667292966721747,1.17,30.75,sex
7539a28f18fb54af5ab62b824faf639d989878a471213aa2e2d02229363cfa8c_black,3275,17,1,56,3.7587626494755413,27.34,79.25,black
com.android.vending_82831810_black,15708,116,1,40,4.012188403968661,0,46.41,black
570988a25bfa0fe114d66ebd906e363e_sex,4,25,1,73,Êó†Ê≥ïËÆ°ÁÆó,5.02,39.86,sex
89hrhwi2xgtdndx4e7_black,7172,22,1,48,3.8365916681089787,4.0,20.28,black
j856030wax_gamble,7172,22,1,48,3.121928094887362,4.0,20.27,gamble
kaoshizuobishaonvdejiaoyufangfa_white,17,54,1,180,3.8456631498513816,2.0311,66.97,white
mv_douyinduanshipin_sex,9940,13,1,17,3.5368867237421666,2.2,13.16,sex
labstillalive21077708_black,29357,182,1,135,3.499227541723357,3.87,54.29,black
com.byucbxa.cnjknsq_scam,8925,8,1,96,Êó†Ê≥ïËÆ°ÁÆó,1.0,36.53,scam
mtsp_sex,17,4,1,7,Êó†Ê≥ïËÆ°ÁÆó,1.0,3.97,sex
sfczhushou_v1027_white,11867,45,1,45,3.625,1.027,36.05,white
‰∏áÁ¶æ_scam,14993,72,1,119,Êó†Ê≥ïËÆ°ÁÆó,1.0,71.07,scam
ezpay-v2.0.29_black,9421,26,1,58,3.392747410448785,2.0,64.48,black
app-dsgnb78-release_gamble,8958,21,1,27,3.576617644908665,0,31.96,gamble
1d6gxb13dg5b_gamble,7172,22,1,48,2.918295834054489,4.0,20.26,gamble
x6gn13g51b_gamble,7172,22,1,48,2.9219280948873623,4.0,20.26,gamble
zz_black,12431,24,1,49,-0.0,1.841,42.24,black
4991940339434900_scam,6814,11,1,13,Êó†Ê≥ïËÆ°ÁÆó,1.0,5.85,scam
base12_scam,14992,72,1,89,Êó†Ê≥ïËÆ°ÁÆó,1.0,71.44,scam
scxcm_gamble,8222,29,1,88,1.9219280948873623,203.0,67.1,gamble
zhwdzjswxyg_white,3386,12,1,20,3.0957952550009344,1.2,75.07,white
zdxbs_gps_white,8867,24,1,56,2.94770277922009,1.094,46.48,white
qqww_black,4211,2,1,9,1.0,1.0,3.39,black
xtk_110817_AdSet_release_106_jiagu_sign_white,28,37,1,80,4.169766962341045,1.06,53.29,white
mercury_v2_1681385058241.1.8_2023-03-17_release_white,3479,18,1,85,4.195561128679186,2.18,19.46,white
zjsoft0275_sex,7818,12,1,26,3.321928094887362,2.705,11.02,sex
516992_sex,12470,52,1,63,2.251629167387823,2.1,53.77,sex
523703_black,7053,7,1,6,2.2516291673878226,3.2,7.96,black
cpl_dk1002_1.0.2_Online_10007_20240314_gamble,4625,17,1,151,3.6792527641163,1.02,244.29,gamble
PHSuperAPP_white,105,36,1,131,Êó†Ê≥ïËÆ°ÁÆó,6.2,64.1,white
joi_230727_7.8.0_45808_black,76,22,1,87,3.4130884364257574,7.8,49.14,black
LG_scam,855,3,1,12,1.0,1.32,8.09,scam
815020_black,13086,17,1,20,2.251629167387823,2.01,17.95,black
Ê∞ëÁîüÊú∫ÊûÑÈÄö[_scam,7750,17,1,53,Êó†Ê≥ïËÆ°ÁÆó,10.01,24.08,scam
sczq_scam,7750,25,1,40,2.0,8.29,20.8,scam
POP_scam,8054,53,1,136,0.9182958340544896,1.68,43.05,scam
mysp_myhlw11_1.1_sex,12028,21,1,78,3.125,1.1,29.5,sex
renwoxingpjb_v5.1.2.0_downyi.com_white,61,188,1,35,4.265319531114783,0,7.19,white
android_385531710409242_gamble,2757,2,1,5,3.9148663038831013,1.02,1.31,gamble
ÂèçËØàË∞ÉËØÅ-4.1.0_scam,4788,20,1,17,3.1219280948873624,4.1,4.95,scam
mec_2.3.43_white,7910,36,1,520,2.9219280948873623,2.343,54.16,white
gbedegpna_sex,106,13,1,9,Êó†Ê≥ïËÆ°ÁÆó,1.0,17.92,sex
huoguo_1.0.2_white,17722,18,1,113,3.084962500721156,1.02,89.18,white
site_extractor_2.24.106_noarch_Job-582671_black,254,5,1,3,4.4058556629435985,2.24106,0.39,black
mv_dounaishipin_white,9940,13,1,17,3.4565647621309536,2.2,13.15,white
SDK_black,1175,4,1,5,1.584962500721156,3.0,0.63,black
15060298_gamble,8237,24,1,41,2.75,1.033,49.95,gamble
ypcy_white,11254,35,1,56,1.5,2.1,32.5,white
488_sex,7038,181,1,9,0.9182958340544896,2.03,4.54,sex
‰∏áÊüèÂêàÂäû_scam,14996,72,1,79,Êó†Ê≥ïËÆ°ÁÆó,1.0,68.96,scam
SAiNjKl_qra48_sex,15,14,1,58,3.7004397181410926,4.7,30.54,sex
huoshanshiwan_scam,12502,35,1,116,2.873140679513133,1.11,43.09,scam
base10_scam,14478,67,1,99,Êó†Ê≥ïËÆ°ÁÆó,2.7,54.06,scam
91video261-230614_sex,4070,19,1,29,3.572469458770136,2.61,41.33,sex
shiwenys0022_sex,7862,12,1,27,3.084962500721156,2.718,11.66,sex
bv_gamble,10447,36,1,91,1.0,3.32,28.3,gamble
hbabhecb.dfiacfcc.ebjeeded_scam,7380,9,1,10,3.147957872887235,1.0,7.35,scam
haoflyApp_black,6614,37,1,92,2.9477027792200903,1.56,18.09,black
hymn_white,9819,11,1,35,2.0,5.21,22.49,white
wbmmacu26_105_sex,1413,4,1,8,3.5465935642949384,1.01,1.91,sex
com.ggle.android.gsf_12_31_black,3695,72,1,46,4.026986833359286,0,7.05,black
Haixingtong_white,16288,38,1,112,2.913977073182752,2.1,82.05,white
xs02_suixin_1.0.3_white,7079,16,1,20,3.381580488309164,1.03,7.39,white
sdfsfds-MNNYP_sex,15,14,1,66,2.873140679513133,1.57,27.13,sex
fanqiefang_black,3054,19,1,19,2.721928094887362,1.0,2.77,black
11b631c3ee98ec691f27b13dd003a1b1_scam,7365,13,1,23,3.526210641914682,1.01006,12.97,scam
91kanpian_0927_sex,10011,14,1,20,3.3787834934861767,0,18.28,sex
shiwenys0044_sex,7862,12,1,27,3.084962500721156,2.718,11.83,sex
53f8860bffa3b3f9370040bd10022bad_gamble,2757,2,1,5,3.515319531114783,1.02,1.31,gamble
Palipali_sex,77,22,1,17,2.25,0,13.94,sex
htehtc_scam,7750,25,1,40,1.9182958340544893,8.29,19.81,scam
maomi_2_v1.0.3_gamble,3966,6,1,12,3.378783493486176,1.03,53.85,gamble
26530e8cee9d03860d84d2d305b58cdc_black,587,4,1,3,3.4178377974034158,1.0,0.33,black
1696917034831_black,11284,39,1,41,2.873140679513133,7.01040008,32.62,black
1.5.5_white,10552,35,1,93,1.5219280948873621,1.55,70.3,white
HTYX_scam,6713,25,1,32,2.0,1.0,24.06,scam
honghuojia_black,4780,22,1,134,2.9219280948873623,1.0,12.86,black
2.2.1.3.3.4_collections_sex,5054,10,1,31,3.584012370211935,2.21334,12.86,sex
ËÅîÂçöÁªèÂäû_scam,14478,67,1,94,Êó†Ê≥ïËÆ°ÁÆó,2.7,51.54,scam
wypy_white,36,32,1,48,1.5,1.0112,41.8,white
tzptqoyda_white,58,13,1,9,Êó†Ê≥ïËÆ°ÁÆó,1.0,17.91,white
zhinengshenp_white,8301,31,1,50,2.8553885422075336,2.5,50.96,white
zlz_prod_v1.0.0_2020_1130_100_jiagu_sign_vivo_white,34,24,1,51,3.910491775024561,1.0,21.88,white
1.0.3_black,7725,29,1,51,1.9219280948873623,1.03,27.07,black
Light_qd13_white,27,14,1,32,3.321928094887362,2.15,25.65,white
app-release6.5.0.0_white,37,40,1,92,3.30827083453526,6.511,59.97,white
HLZQ_scam,6713,25,1,33,2.0,1.0,24.09,scam
7JKXsuqe_qra48_sex,15,15,1,70,3.6644977792004623,1.43,28.99,sex
·Ñá·Ö°·Ü∑·Ñé·Öµ·Ü´·ÑÄ·ÖÆ_scam,10761,46,1,66,Êó†Ê≥ïËÆ°ÁÆó,4.73,31.27,scam
Ê∏£ÊâìÊú∫ÊûÑÁâà_scam,7750,25,1,39,Êó†Ê≥ïËÆ°ÁÆó,1.09,22.09,scam
feiyue30036_white,7864,15,1,31,2.9139770731827523,2.62,31.96,white
Lakala_Android_white,110,43,1,101,3.3248629576173574,9.3118,90.8,white
maomi_1_v1.0.3_sex,3966,6,1,12,3.2359263506290334,1.03,53.85,sex
sdApp_white,6693,25,1,22,1.9219280948873623,1.01,11.28,white
713035_white,13086,17,1,20,2.2516291673878226,2.01,17.96,white
cdj2j_qqq1_sex,23,17,1,13,2.6464393446710157,1.17,24.78,sex
fengchi11033_white,27,25,1,30,3.251629167387823,2.89,24.2,white
tiangua0109_white,13086,17,1,21,3.095795255000934,2.01,17.96,white
release_white,7647,38,1,19,2.1280852788913944,0,17.62,white
wp-app-release_black,2968,9,1,19,2.8423709931771093,1.017,24.43,black
wmw5.1.8_sex,6133,6,1,14,2.5,5.18,4.59,sex
musiverse_white,9977,17,1,38,2.725480556997868,1.2,24.34,white
kdpay1067668_white,8523,28,1,41,3.188721875540867,1.089,48.28,white
15gelin114_black,7505,28,1,40,2.8464393446710154,1.14,19.81,black
paiqiushaonian_black,9759,11,1,86,2.9852281360342516,1.32,31.54,black
KK_Android_white,111,77,1,94,2.9219280948873623,0,71.41,white
zqgmgwdhma9tx_gamble,7172,22,1,48,3.3927474104487847,4.0,20.26,gamble
huang3_sex,8828,53,1,76,2.584962500721156,1.13,38.3,sex
51fulishev3.0.1_sex,10798,22,1,23,3.640223928941852,3.01,26.54,sex
fkstSinger_3.7.1_202310201100_black,54,28,1,80,Êó†Ê≥ïËÆ°ÁÆó,3.71,73.5,black
ce6d0ce684ed590604bcc09f615870e5_scam,5009,17,1,26,3.488608500731241,6.12,11.64,scam
v.mp_white,1584,16,1,7,2.0,0,1.85,white
üîó_scam,14991,72,1,87,Êó†Ê≥ïËÆ°ÁÆó,1.02,75.01,scam
base6_scam,4094,32,1,17,Êó†Ê≥ïËÆ°ÁÆó,24.20925,8.82,scam
oneMallSystem1-v1.0.3_white,6693,25,1,33,4.011365041826379,1.03,17.89,white
manmanlu_1002_sex,4268,11,1,25,3.085055102756477,9.9999999999999,28.89,sex
61909_sex,6468,12,1,22,1.9219280948873623,2.69,10.26,sex
0_sex,3924,5,1,44,-0.0,1.0,26.87,sex
fast_v2_1658903038509.1.1_2022-07-06_release_black,3479,18,1,50,4.118078209349709,2.11,19.96,black
wjycnnzcd_147566_white,13010,22,1,158,3.625,2.6,85.65,white
ompug5_sex,7038,181,1,11,2.584962500721156,2.03,4.72,sex
7dy_gamble,6553,28,1,8,1.584962500721156,1.0,5.03,gamble
com.ggle.android.gsf_11_30_black,2700,71,1,46,4.026986833359286,11.0,6.1,black
Telegram_white,9454,61,1,213,2.75,9.65,21.47,white
dyyx_gamble,366,18,1,69,1.5,1.0,60.62,gamble
68zxv6f_gamble,7172,22,1,48,2.5216406363433186,4.0,20.26,gamble
61890_sex,6468,12,1,23,2.321928094887362,2.69,10.25,sex
32-hc141app-release_black,3715,4,1,5,3.5766176449086653,1.0,2.12,black
4t1y0tu91ups5zlr9g_gamble,7172,22,1,48,3.7254805569978675,4.0,20.28,gamble
C_pfd001_baidurelease_V1.8.155_06_15_17_12_black,6825,23,1,16,4.072652614083033,1.815506151712,10.82,black
gxhfwxspa_sex,16,13,1,9,Êó†Ê≥ïËÆ°ÁÆó,1.0,17.89,sex
ü§ôü§ôü§ô_scam,16968,64,1,115,Êó†Ê≥ïËÆ°ÁÆó,2.7,69.51,scam
+++_scam,15905,74,1,90,Êó†Ê≥ïËÆ°ÁÆó,1.2,90.03,scam
jdshop_scam,3617,14,1,60,2.584962500721156,19.22,3.27,scam
com.lzdtyoqo_scam,4985,8,1,56,3.188721875540867,1.0,18.68,scam
tms-prod-1.0.36_white,8268,31,1,41,3.6402239289418516,1.016,24.8,white
1686210245942_black,3325,18,1,2,2.873140679513133,7.1015,1.55,black
shipping_white,27,30,1,62,2.5,1.75,45.17,white
yidaiyilu_white,3617,14,1,61,2.4193819456463714,1.0,4.13,white
1688969311784_black,3325,19,1,2,2.6612262562697895,7.1017,1.55,black
hls_1.4.3_black,15,15,1,70,2.94770277922009,1.43,28.99,black
com.lyudfbxm_scam,5028,13,1,13,3.418295834054489,1.0,20.49,scam
16-hc496app-release_gamble,3715,4,1,5,3.5766176449086657,1.0,2.14,gamble
lieshaonvhechaonenglidashu_white,1393,4,1,6,3.5364142371222296,1.0,1.96,white
20230323172942220044_black,9662,44,1,24,2.463865121950854,0,10.8,black
fjmz_black,159,5,1,32,2.0,0.27,52.87,black
f323f39abf4f46569e131ccdd57ee569_scam,13192,26,1,46,3.6556390622295662,7.3001,33.86,scam
yaoji_sex,6163,13,1,35,2.321928094887362,1.2,6.92,sex
com.gchfm.gchfm1_scam,9792,30,1,41,2.9056390622295662,23.1208,30.1,scam
reop4009_gamble,5685,22,1,58,2.75,6.2,26.48,gamble
mt_0727_sex,2207,22,1,46,2.521640636343318,1.02,23.93,sex
com.lbuwgmpm_scam,2843,10,1,15,3.188721875540867,1.0,8.02,scam
yxwpfz0019_black,12023,18,1,18,3.1219280948873624,30.2,10.04,black
dafanhao_official_vy5cnove_1.0.0_black,11480,22,1,98,3.9292292966721747,1.0,25.76,black
‰æ†ÂÆ¢Ê∏∏H5_white,6523,35,1,12,2.321928094887362,1.0,4.43,white
xshhxhz1215_sex,2915,4,1,15,2.663532754804255,1.0,38.71,sex
Á≥ñÂøÉVlog_scam,5468,9,1,48,2.584962500721156,23.1026,24.13,scam
Click_me_to_install_SnapTube_tube_snaptube2021_ad_white,26508,33,1,60,4.172443834665063,7.0907096131,22.43,white
kb-ycpa52_white,5066,14,1,26,3.169925001442312,2.1,11.82,white
zjbwdl23cs_white,11637,22,1,43,3.321928094887362,2.9,47.26,white
217317_black,13086,17,1,20,1.9182958340544893,2.01,17.96,black
xpjylc805202_Android_production_gamble,15156,34,1,105,4.1313003425053605,0,39.3,gamble
csss01_sex,27389,67,1,158,1.7924812503605778,6.140202310181836,99.28,sex
zt_sex,8128,12,1,39,1.0,3.2,17.72,sex
80028_black,34,12,1,14,Êó†Ê≥ïËÆ°ÁÆó,8.3272,11.96,black
qchx_white,11254,35,1,59,2.0,4.0,32.47,white
huikerenmai.3.0.0_scam,7276,24,1,11,3.4548223999466066,3.0,10.07,scam
zhihu_20230717115256_3.2.0-zxza281_sex,3628,14,1,42,3.878068268345523,3.2,35.87,sex
douyin18_black,5094,13,1,30,3.0,9.99,10.33,black
qiangzhuan_v0.7_downyi.com_white,699,2,1,7,4.132944044980958,0.7,23.48,white
console-release4.2.83.1_white,38,29,1,34,3.7081320646586016,4.2831,22.66,white
mv_8x8xshipin_sex,9940,13,1,17,3.238901256602631,2.2,13.15,sex
346b2a4961918b32f9285b89a0ebeed0_black,27,49,1,38,3.6792292966721747,1.5,30.04,black
i5r0h0wmrrlikk8qen_gamble,7172,22,1,48,3.572431251322119,4.0,20.28,gamble
book0616_sex,12143,26,1,92,2.5,2.54,48.1,sex
zhihu_20230714163648_3.2.0-zxza369_sex,3628,14,1,42,3.9986525468781666,3.2,35.87,sex
android_white,5812,28,1,29,2.5216406363433186,1.117,8.78,white
console-release4.2.56.2_white,12947,28,1,32,3.621175542919471,4.2562,20.15,white
1694420787330_black,6746,35,1,71,3.085055102756477,4.1813,19.43,black
‰∫ëË¥¶_white,3617,14,1,60,1.0,1.01,2.95,white
ty720_sex,8100,12,1,40,2.321928094887362,3.2,16.47,sex
yxwpjsq0013_black,12026,18,1,20,3.277613436819116,30.2,12.27,black
Cucumber-VideoÔºàÊ≠£ËÉΩÈáèÔºâ_sex,10245,14,1,21,4.03740119765411,0,18.86,sex
app_102_black,14740,28,1,25,2.5216406363433186,1.02,30.22,black
caishunshop1102_gamble,17789,40,1,50,3.5068905956085183,1.1,63.43,gamble
app-zhongmei_release-release_white,15896,38,1,75,3.5785559236087936,1.02,85.22,white
okx-android_scam,65237,79,1,933,3.0957952550009344,6.59,289.79,scam
MINSHENG_scam,2289,2,1,8,2.75,1.0,33.01,scam
dge8161_gamble,7172,22,1,48,2.521640636343318,4.0,20.26,gamble
xiluwei1_black,276,6,1,45,2.75,6.67,37.73,black
aoye_1.0.3_2023-05-27-16-06_black,8176,25,1,24,3.6158175946759328,1.03,11.27,black
0a0bfbf9596647e5ba02d32b75eed7e7_black,6232,21,1,92,3.577819531114783,4.67,16.55,black
67_sex,4428,8,1,29,1.0,3.5,9.49,sex
fulao2_202B_sex,78,26,1,20,3.027169118440619,2.02,9.86,sex
15-hc490app-release_gamble,3715,4,1,5,3.6818808028034025,1.0,2.14,gamble
feiniao10021_white,5783,16,1,29,3.084962500721156,2.55,33.67,white
HXgroup_scam,2817,11,1,13,2.807354922057604,3.11,16.03,scam
stmn_black,4246,7,1,8,2.0,1.0,1.66,black
yxwpfz0355_black,12023,18,1,18,3.1219280948873624,30.2,10.07,black
app-hgc-release-4.16.2_black,22210,35,1,48,3.7544418457133446,4.162,34.93,black
wx_scam,16088,45,1,91,Êó†Ê≥ïËÆ°ÁÆó,4.17,60.14,scam
15060399_black,288,6,1,181,2.5,3.43,96.46,black
lds112_white,12765,33,1,75,2.251629167387823,1.12,57.97,white
dgfcvvbbv.ndsf34tewr.reysfawewew_scam,12226,62,1,342,Êó†Ê≥ïËÆ°ÁÆó,9.66,95.79,scam
shlsys0283_sex,7868,12,1,27,2.8464393446710154,2.719,11.64,sex
ymxxl-90015_white,1790,13,1,102,3.095795255000934,2.01,92.36,white
ETos_white,3487,12,1,14,2.0,1.44,3.58,white
2871128_white,31,31,1,46,1.9502120649147465,1.4,19.39,white
appStore-prod7ARelease7A-1.6.2-16020_black,3051,100,1,8,4.127986806877675,1.62,7.76,black
com.nqsvq6mfuhihkrndesw7putcwvxt_scam,19436,69,1,199,4.375,1.0020240115,63.33,scam
onege_0930_white,16108,32,1,86,2.9219280948873623,9.99,28.83,white
‚ôö_scam,15361,73,1,108,-0.0,1.0,89.33,scam
app-product-release_white,22708,40,1,57,3.43162356584743,1.051,40.35,white
gongfuyingyuan952671_black,27,25,1,47,3.6464393446710153,1.11,30.1,black
18-hc454app-release_black,3715,4,1,5,3.5766176449086653,1.0,2.14,black
shiwenys0017_sex,7862,12,1,27,3.2516291673878226,2.718,11.64,sex
htclw39f2_white,15742,34,1,88,3.169925001442312,3.9,60.95,white
base8_scam,14328,57,1,73,Êó†Ê≥ïËÆ°ÁÆó,5.3275,40.95,scam
ddttmh0003_sex,7668,12,1,26,2.4464393446710155,2.7,10.34,sex
vcl298_sex,34,36,1,51,2.584962500721156,2.584,28.5,sex
yxwpjsq0020_black,12026,18,1,20,3.027169118440619,30.2,12.26,black
com.H3hQkPV0O.YHCcl_scam,8049,10,1,26,3.932138039759373,1.0,25.49,scam
lgwy_scam,14328,57,1,90,Êó†Ê≥ïËÆ°ÁÆó,3.175,38.67,scam
10_black,7214,43,1,40,1.0,1.06,26.53,black
6e6e7d31167eb17b715ba72a7326d0e4_sex,3621,18,1,13,3.3667292966721747,1.8,5.43,sex
kdgexuera_sex,108,13,1,9,Êó†Ê≥ïËÆ°ÁÆó,1.0,17.9,sex
gotobrowser-2.10-rev9-release_black,3409,10,1,9,3.7848977027564086,0,11.29,black
my5obk0m72is_gamble,7172,22,1,48,3.418295834054489,4.0,20.27,gamble
P35_3915_com.longquan126.cn_v1511_202307010340_gamble,6564,35,1,66,4.14564721724714,1.511,41.5,gamble
taxmobile-gds-release_146_sign_white,15,42,1,99,4.081727678869736,1.46,51.97,white
ant0531_black,4822,11,1,27,2.807354922057604,2.64,14.95,black
pz_plugin_works_v1.1_release_new_white,4714,9,1,9,3.9496987351738495,1.1,3.48,white
iwantu.app_sex,6633,34,1,68,2.9219280948873623,1.16,25.03,sex
paiqiushaonian_v1.5.0_downyi.com_black,9759,11,1,91,4.093139062229566,1.5,33.46,black
shlsys1008_sex,7868,12,1,27,2.6464393446710157,2.719,11.66,sex
appshare_sex,3247,9,1,47,2.5,4.9,23.62,sex
123ebf48f6c67f848243be607eff6833_black,9721,29,1,41,3.402518266288633,2.2,17.29,black
cg51.313-230727_gamble,2207,22,1,49,3.1898980954642875,3.14,22.39,gamble
xlcs_2001_white,6456,13,1,18,2.9477027792200903,1.0,62.24,white
xingman-v3.1.1-20230617091656879_nbhome1_sex,7576,24,1,43,4.325070520364182,3.11,28.41,sex
WindmillVPN_v2.61_black,5565,12,1,21,3.8521687236032816,2.61,7.46,black
6768_gamble,4242,24,1,8,1.5,1.0,2.96,gamble
7c319ea46c93aa3a10b4e021dc8880d7_black,30731,58,1,137,3.694548827786958,1.05714,89.01,black
com.edwtjx.nhftfbvw_scam,14328,57,1,91,Êó†Ê≥ïËÆ°ÁÆó,8.7936,38.43,scam
lmhs_white,11254,35,1,55,2.0,2.1,32.53,white
38-hc142app-release_black,3715,4,1,5,3.6818808028034025,1.0,2.12,black
shlsys0260_sex,7868,12,1,27,2.6464393446710153,2.719,11.64,sex
1ace25ed992a997d43362ed4f0665e95_gamble,3983,7,1,71,3.6053377974034158,1.0,23.95,gamble
sotong_v2.0.6-20230615101223180_sex,7576,25,1,53,3.689058215261919,2.07,28.98,sex
QING M_scam,14992,72,1,173,Êó†Ê≥ïËÆ°ÁÆó,1.0,70.58,scam
Ï≤úÍµ≠_scam,15235,72,1,83,1.0,1.0,77.84,scam
6tydj6ty1351_gamble,7172,22,1,48,2.9182958340544896,4.0,20.26,gamble
mmst_white,34,30,1,116,1.5,4.18,75.63,white
b6xfgn1g66_gamble,7172,22,1,48,2.6464393446710153,4.0,20.26,gamble
etralab_appstore_android_white,5437,12,1,9,3.5535088547976788,0,5.01,white
cic_scam,2798,11,1,14,0.9182958340544896,3.11,16.8,scam
cxzq_scam,34,24,1,26,2.0,24.0217,34.56,scam
jmcomicios2.mic_black,21202,31,1,40,2.822579761842491,0,33.05,black
5fb30c036f96264461c6ae42587ed0dd_sex,11366,25,1,63,3.8164280318460246,2.48,17.85,sex
cdj2j_qra48_sex,23,17,1,13,3.277613436819116,1.17,24.78,sex
base7_scam,5098,24,1,24,2.321928094887362,1.0,46.08,scam
bbegad.dcdbce.aiahjf_scam,4232,6,1,30,3.3086949695628416,1.0,12.84,scam
11-hc459app-release_gamble,3715,4,1,5,3.5766176449086657,1.0,2.14,gamble
weizhibiji_v7.8.3_downyi.com_white,11224,31,1,52,4.008621780036165,7.83,39.06,white
ajyl_gamble,3184,15,1,106,2.0,1.001,50.54,gamble
kuaigou70004_white,7836,15,1,32,3.0220552088742,2.42,33.27,white
shlsys0078_sex,7868,12,1,27,2.6464393446710153,2.719,11.65,sex
com.unkk.hcvv_scam,2374,11,1,34,3.085055102756477,8.161,10.44,scam
%E5%BF%AB%E9%B8%9F1.2.48_black,34,20,1,52,3.3239348962840563,1.248,12.31,black
com.ccywlw.tmymmhxp_scam,14328,57,1,91,Êó†Ê≥ïËÆ°ÁÆó,5.6929,39.29,scam
SHENGTAIHULINYUAN-1.0.0.097_white,13355,48,1,118,3.9302703722934544,1.00097,67.05,white
jms_8395_black,9767,9,1,86,3.0,1.63,35.17,black
ttacg_scam,27,47,1,47,1.9219280948873623,1.04,24.08,scam
bcbejafn.jfcgjbdo.fhjbdacp_scam,1494,7,1,13,3.488525294897748,1.0,6.67,scam
qwlm-2.2.3_scam,10806,18,1,117,2.9219280948873623,2.23,109.75,scam
soutong_sex,19226,57,1,199,2.5216406363433186,5.1600409,68.1,sex
mv_beautybox_white,9940,13,1,17,3.418295834054489,2.2,13.15,white
ymxxl-90008_white,1790,13,1,102,2.8453509366224368,2.01,92.36,white
24-cb6683app-release_gamble,3715,4,1,5,3.6841837197791882,1.0,2.13,gamble
qslkjfzsxz1050542_white,23497,33,1,91,3.6168746059562227,1.0,43.84,white
zhejiangxinwen11648_white,15937,39,1,77,3.6818808028034016,8.37,71.22,white
yxwpjsq0031_black,12026,18,1,20,3.277613436819116,30.2,12.27,black
tiexzz_white,635,6,1,153,2.2516291673878226,1.15,24.37,white
08dfd969cec257830fe0a1461bf95968_sex,10724,32,1,77,3.8431390622295662,1.06,116.96,sex
zgm_white,3617,14,1,61,1.584962500721156,1.0,4.55,white
ths_dt_scam,25423,32,1,381,2.2516291673878226,0,85.31,scam
tiancheng.apptc.xks4zbh_scam,6904,17,1,51,3.9148663038831004,1.01,37.39,scam
Ê¥æÂ§ßÊòü_scam,14993,72,1,204,Êó†Ê≥ïËÆ°ÁÆó,1.0,70.4,scam
tianf.tfet.hsjl_scam,4985,6,1,7,3.3232314287976203,1.0,14.62,scam
6fdccff2ad7c03e8c09de0295b9193f1_sex,3386,9,1,64,3.702819531114783,2.11,353.0,sex
NB_Android_OneApp_v2.2.9_b11_Release_202307211342__sign_sex,12879,32,1,88,4.394729486133924,2.29,30.52,sex
1697532276085_black,10482,27,1,53,3.085055102756477,1.0215,12.68,black
cartoon240313_cartoon_240309_4.0.3+114_sex,6240,13,1,45,3.7871439606981396,4.03,41.7,sex
rxd_1.3.0_white,30638,36,1,101,2.94770277922009,1.4,50.65,white
com.qnmd.aslf.em027c_scam,5671,14,1,61,3.7464393446710154,4.1,16.09,scam
B0B118D714AB4D7EA4CEF94C5C920052-7-4_sex,11445,25,1,83,3.7981450574074747,5.02,58.5,sex
ahaspeed_android_black,2368,15,1,64,3.2806390622295662,3.3,47.73,black
wwxu_sex,2555,3,1,39,1.5,1.0,6.32,sex
transtar-2.0.0_white,4141,15,1,45,3.09306920777189,2.0,51.02,white
zdd_scam,27,48,1,46,0.9182958340544896,1.39,24.43,scam
cqeq_sex,26771,67,1,156,1.5,6.111202307130514,81.23,sex
com.amap.twreidingconcerningvaliut.tokonyoutvuleva_gamble,3057,18,1,6,4.063981820580905,1.1,4.47,gamble
app_v2.0.3_sex,10704,22,1,27,2.9219280948873623,2.03,36.15,sex
HGA0_6_5_white,1472,2,1,7,2.75,0.65,3.88,white
gamehall_jinxianv2_gamble,7715,22,1,38,3.5724312513221195,3.63,23.0,gamble
rj_anburuanjinaku_sex,7453,14,1,18,3.013070929103845,4.1,6.8,sex
feiji50003_white,7838,15,1,30,2.6464393446710157,1.42,31.44,white
zh1212_3.0.0_release_gamble,11932,31,1,159,3.5841837197791886,3.0,66.76,gamble
ÁºòËµ∑_scam,15598,66,1,235,Êó†Ê≥ïËÆ°ÁÆó,1.8,80.15,scam
com.ggle.android.gms_203915019_black,39084,232,1,77,4.1898980954642875,0,75.59,black
com.lerist.fakelocation_1.3.2.2_1581_black,27,22,1,28,4.138830127032207,1.322,21.12,black
DriverApp_black,1856,18,1,5,2.725480556997868,1.0,4.53,black
tpSurveillance_arm64-v8a_v4_1695204374053.15.10.1132_release_white,13936,56,1,95,4.498499037874886,4.15101132,65.23,white
mmxxl-90024_white,1790,13,1,68,2.9139770731827523,2.01,83.52,white
doule1109_white,13794,32,1,70,2.94770277922009,1.02,96.37,white
zzxhyofficial_black,34,36,1,41,3.238901256602631,2.58,23.14,black
zljec_scam,2966,12,1,86,2.321928094887362,2.2,58.82,scam
00a918d86701af1b1acf12cfce132c01_black,27,14,1,51,3.463710641914682,0,24.79,black
huaji_white,7037,181,1,10,2.321928094887362,2.0,4.27,white
alsp_x1_2.1_sex,7755,14,1,68,3.095795255000934,2.1,13.72,sex
4090643dbe68cb4dc51e615e3fe6fa77_sex,11327,25,1,69,3.7889097655573916,1.15,20.98,sex
tdl87wxsp6bowdk04z_gamble,7172,22,1,48,3.94770277922009,4.0,20.28,gamble
leafnetnext_v3.70.01_9c64080_prod_release_2023.10.13_095225_signed_black,54,55,1,97,Êó†Ê≥ïËÆ°ÁÆó,3.7001,77.83,black
zljec_white,2966,12,1,86,2.321928094887362,2.2,58.82,white
mv_xvideos_white,9940,13,1,17,3.121928094887362,2.2,13.16,white
zf6v816zf8_gamble,7172,22,1,48,2.5219280948873624,4.0,20.26,gamble
pili212-230617_sex,1744,13,1,20,3.182005814760214,2.12,22.72,sex
cz751_gamble,5985,3,1,11,2.321928094887362,2.0,3.22,gamble
ÊπòÂª∫‰∫ë1.0.46_white,9953,24,1,121,2.94770277922009,1.046,44.79,white
com.cxgyr.cxgyr_scam,6597,29,1,44,2.9232314287976213,23.1117,30.82,scam
525027_black,13086,17,1,20,1.9182958340544893,2.01,17.96,black
HCS_scam,4961,12,1,52,1.584962500721156,1.0,18.67,scam
607029_black,13086,17,1,20,2.2516291673878226,2.01,17.95,black
xctvtbb969305_black,1606,9,1,258,3.238901256602631,5.2,45.92,black
815018_black,13086,17,1,20,1.9182958340544893,2.01,17.94,black
qqhh_black,4211,2,1,9,1.0,1.0,3.39,black
mv_daxiangchuanmei_white,9940,13,1,17,3.5724312513221195,2.2,13.16,white
zt0720_sex,8100,12,1,39,2.2516291673878226,3.2,15.72,sex
com.gchfm.gchfm_scam,9792,30,1,41,2.739572261986723,23.1208,30.1,scam
adbddk.aabdel.badgbm_scam,1494,7,1,8,2.841446071165522,1.0,2.5,scam
211_sex,34,12,1,14,Êó†Ê≥ïËÆ°ÁÆó,1.0,11.91,sex
