apk_name,api_calls,permissions,suspicious_methods,suspicious_resources,entropy,version,storage,base_name_length,top_level_domain_match,label
MGK_1.1.0.1_Launcher_white,1071,10,1,4,3.746439344671016,1.101,0.46,20,1,white
app-22102401_white,6285,24,1,11,2.688721875540867,1.05322102401,5.93,12,1,white
18_black,9581,33,1,45,1.0,1.64,37.84,2,0,black
‚ôö_scam,15361,73,1,108,-0.0,1.0,89.33,1,0,scam
217317_black,13086,17,1,20,1.9182958340544891,2.01,17.96,6,1,black
Á≥ñÂøÉVlog_scam,5468,9,1,48,2.584962500721156,23.1026,24.13,6,1,scam
com.huaxiaozhu.rider_1.8.6_black,3153,34,1,88,3.931208948910322,1.86,72.87,26,1,black
gsh_white,19017,38,1,151,1.584962500721156,3.07,46.17,3,0,white
HXgroup_scam,2817,11,1,13,2.807354922057604,3.11,16.03,7,1,scam
sdmmm0001_sex,7872,12,1,27,2.113283334294875,2.72,11.73,9,1,sex
shlsys0283_sex,7868,12,1,27,2.8464393446710154,2.719,11.64,10,1,sex
Telegram_white,9454,61,1,213,2.75,9.65,21.47,8,1,white
shiwenys0017_sex,7862,12,1,27,3.2516291673878226,2.718,11.64,12,1,sex
gyt_1.4.4_20231024_white,27,30,1,36,3.197159723424149,1.44,27.63,18,1,white
ËÅîÂçöÁªèÂäû_scam,14478,67,1,94,10.0,2.7,51.54,4,0,scam
ezpay-v2.0.29_black,9421,26,1,58,3.392747410448785,2.0,64.48,13,1,black
zz_black,12431,24,1,49,-0.0,1.841,42.24,2,1,black
xiluwei1_black,276,6,1,45,2.75,6.67,37.73,8,0,black
24-cb6683app-release_gamble,3715,4,1,5,3.684183719779188,1.0,2.13,20,1,gamble
meSurveillance_universal_v4_1692175572675.0.12.1063_release_white,13581,56,1,221,4.328565346451485,4.0121063,99.65,59,1,white
37aa0879ec32ef974df36a93afe92184_sex,1944,19,1,5,3.616729296672175,1.5,0.79,32,1,sex
sfczhushou_v1027_white,11867,45,1,45,3.625,1.027,36.05,16,1,white
jms_8395_black,9767,9,1,86,3.0,1.63,35.17,8,1,black
yxwpfz0019_black,12023,18,1,18,3.1219280948873624,30.2,10.04,10,1,black
xinhuolang_v1.0.0_downyi.com_sex,64,17,1,50,4.0836169753972325,1.0,55.54,28,1,sex
cqeq_sex,26771,67,1,156,1.5,6.111202307130514,81.23,4,1,sex
transtar-2.0.0_white,4141,15,1,45,3.09306920777189,2.0,51.02,14,0,white
jmcomicios2.mic_black,21202,31,1,40,2.822579761842491,2.53,33.05,15,1,black
tdl87wxsp6bowdk04z_gamble,7172,22,1,48,3.94770277922009,4.0,20.28,18,1,gamble
ÂçéË•øÁªàÁ´Ø_scam,7732,25,1,56,2.0,1.08,45.33,4,1,scam
oneMallSystem1-v1.0.3_white,6693,25,1,33,4.011365041826379,1.03,17.89,21,0,white
shiwenys0022_sex,7862,12,1,27,3.084962500721156,2.718,11.66,12,1,sex
wwl_sex,7879,35,1,99,0.9182958340544896,1.16,30.75,3,0,sex
„Åä„Åã„Åä_scam,0,0,0,0,10.0,-1.0,70.54,3,0,scam
ttacg_scam,27,47,1,47,1.9219280948873625,1.04,24.08,5,1,scam
gsedj_v1.0_downyi.com_black,3933,15,1,34,4.011365041826379,1.0,19.59,21,0,black
hlj_0708_sex,1739,13,1,19,2.75,1.0,14.12,8,1,sex
com.rlsas.rlsas_scam,9792,30,1,38,2.8402239289418523,24.0104,29.92,15,1,scam
ktll44_white,3645,20,1,20,1.9182958340544896,4.722421,3.13,6,1,white
kb-daoqi012cpa_white,5066,14,1,26,3.6644977792004623,2.1,11.82,14,1,white
‰∫ëË¥¶_white,3617,14,1,60,1.0,1.01,2.95,2,1,white
523703_black,7053,7,1,6,2.2516291673878226,3.2,7.96,6,0,black
huikerenmai.3.0.0_scam,7276,24,1,11,3.4548223999466066,3.0,10.07,17,1,scam
zhwdzjswxyg_white,3386,12,1,20,3.0957952550009344,1.2,75.07,11,1,white
leafnetnext_v3.70.01_9c64080_prod_release_2023.10.13_095225_signed_black,54,55,1,97,10.0,3.7001,77.83,66,0,black
HTYX_scam,6713,25,1,32,2.0,1.0,24.06,4,0,scam
34-zc3376app-release_black,3715,4,1,5,3.5464393446710147,1.0,2.12,20,1,black
bcbejafn.jfcgjbdo.fhjbdacp_scam,1494,7,1,13,3.488525294897748,1.0,6.67,26,0,scam
LC-SM_scam,34,25,1,28,2.321928094887362,24.0314,37.69,5,1,scam
xingzhe_white,25240,85,1,185,2.807354922057604,8.2812,99.07,7,1,white
mwmr102_black,5652,14,1,59,2.5216406363433186,2.7,41.86,7,1,black
hutaodzslm_white,14403,24,1,21,3.321928094887362,1.1,28.16,10,1,white
Ê∞ëÁîüÊú∫ÊûÑÈÄö[_scam,7750,17,1,53,10.0,10.01,24.08,6,0,scam
cic_scam,2798,11,1,14,0.9182958340544896,3.11,16.8,3,1,scam
kisssub_app_sex,1410,11,1,7,2.8453509366224368,2e-06,7.48,11,1,sex
Jixyx0113_6747_white,9581,30,1,49,3.378783493486176,6.747,60.57,14,1,white
banana_v3.4.4_1666671540_xjjhy_1_sex,7879,35,1,99,3.866729296672175,1.17,30.75,32,0,sex
htclw39f2_white,15742,34,1,88,3.169925001442312,3.9,60.95,9,1,white
lianxing_black,8434,33,1,72,2.5,1.06,28.78,8,0,black
ywjx_white,8605,20,1,62,2.0,1.38,47.56,4,1,white
15-hc490app-release_gamble,3715,4,1,5,3.6818808028034025,1.0,2.14,19,1,gamble
HGA0_6_5_white,1472,2,1,7,2.75,0.65,3.88,8,0,white
cilicili_v3.4.7_1684734688_sex,13244,29,1,64,10.0,3.47,26.22,26,0,sex
yxwpjsq0031_black,12026,18,1,20,3.277613436819116,30.2,12.27,11,1,black
dxjgb2_scam,2374,11,1,33,2.584962500721156,8.161,10.38,6,1,scam
fengchi11033_white,27,25,1,30,3.251629167387823,2.89,24.2,12,1,white
gxhfwxspa_sex,16,13,1,9,10.0,1.0,17.89,9,0,sex
8_black,34,12,1,15,10.0,2.061,11.8,1,0,black
713035_white,13086,17,1,20,2.2516291673878226,2.01,17.96,6,1,white
570988a25bfa0fe114d66ebd906e363e_sex,4,25,1,73,10.0,5.02,39.86,32,0,sex
wmw5.1.8_sex,6133,6,1,14,2.5,5.18,4.59,8,1,sex
yfwz_scam,2868,47,1,52,2.0,1.9,5.14,4,0,scam
65148_sex,6468,12,1,22,2.321928094887362,2.69,10.29,5,1,sex
redungeon_v4.65_downyi.com_white,7381,7,1,44,4.026986833359286,4.65,41.22,26,1,white
cpl_dk1002_1.0.2_Online_10007_20240314_gamble,4625,17,1,151,3.6792527641163,1.02,244.29,38,1,gamble
tpSurveillance_universal_v4_1695204371722.15.10.1132_release_white,13936,56,1,125,4.372905595320056,4.15101132,82.51,60,1,white
5_sex,34,12,1,14,10.0,1.0,11.91,1,0,sex
app-zhongmei_release-release_white,15896,38,1,75,3.5785559236087936,1.02,85.22,28,1,white
com.eizg.nwtq_scam,2374,11,1,34,3.5465935642949384,8.161,10.44,13,1,scam
14-hc473app-release_gamble,3715,4,1,5,3.5766176449086657,1.0,2.14,19,1,gamble
SmartCharge-release-v1.20.6-20231009_1206_jiagu_signed_white,27,35,1,78,4.440189012169191,1.206,24.53,54,1,white
jwt_white,8574,34,1,56,1.584962500721156,1.08,43.13,3,1,white
sghjkv8trha_gamble,7172,22,1,48,3.277613436819116,4.0,20.27,11,1,gamble
com.gchfm.gchfm1_scam,9792,30,1,41,2.9056390622295662,23.1208,30.1,16,1,scam
15060298_gamble,8237,24,1,41,2.75,1.033,49.95,8,1,gamble
tvchong2.3.6_black,21253,38,1,47,3.4182958340544896,2.36,31.87,12,1,black
xx_scam,10761,46,1,68,-0.0,4.73,30.28,2,0,scam
JMComic212.20_sex,9865,9,1,90,3.334679141051595,1.64,37.08,13,1,sex
mv_shuiguopai_white,9940,13,1,17,3.3927474104487847,2.2,13.16,13,1,white
Cucumber-VideoÔºàÊ≠£ËÉΩÈáèÔºâ_sex,10245,14,1,21,4.03740119765411,8.23286916,18.86,19,0,sex
pili212-230617_sex,1744,13,1,20,3.182005814760214,2.12,22.72,14,1,sex
fulao2_202B_sex,78,26,1,20,3.027169118440619,2.02,9.86,11,1,sex
whzq_scam,9757,25,1,47,2.0,24.032,68.3,4,1,scam
HCZT_scam,4974,13,1,11,2.0,1.0,18.74,4,1,scam
j856030wax_gamble,7172,22,1,48,3.121928094887362,4.0,20.27,10,1,gamble
zt_sex,8128,12,1,39,1.0,3.2,17.72,2,1,sex
1681732829017_black,155,12,1,11,2.873140679513133,4.7,14.47,13,1,black
Qu_8.3.0009_white,13195,26,1,68,2.8453509366224368,8.30009,26.45,11,1,white
www_black,2665,6,1,7,-0.0,1.1,4.1,3,1,black
Eclipse_scam,7571,26,1,59,10.0,1.17,47.22,7,0,scam
Lutwo.ver307_sex,77,22,1,20,3.584962500721156,3.07,16.14,12,1,sex
com.vtufjr.nbdswrej_scam,6128,19,1,48,10.0,1.0,8.33,19,0,scam
mv_douyinduanshipin_sex,9940,13,1,17,3.5368867237421666,2.2,13.16,19,1,sex
qqww_black,4211,2,1,9,1.0,1.0,3.39,4,1,black
08dfd969cec257830fe0a1461bf95968_sex,10724,32,1,77,3.8431390622295662,1.06,116.96,32,0,sex
6160069_sex,13086,17,1,20,1.8423709931771084,2.01,17.96,7,1,sex
‰∏úÊñπÂØÜ‰ø°_scam,11140,28,1,47,2.0,3.11,35.96,4,0,scam
onege_0930_white,16108,32,1,86,2.9219280948873623,9.99,28.83,10,1,white
yxwpjsq0298_black,12026,18,1,20,3.459431618637298,30.2,12.26,11,1,black
ivms4500hd_v4.1.5_downyi.com_black,6270,25,1,44,3.994680368408909,4.15,16.5,28,1,black
7539a28f18fb54af5ab62b824faf639d989878a471213aa2e2d02229363cfa8c_black,3275,17,1,56,3.758762649475541,27.34,79.25,64,1,black
hua_scam,14990,72,1,88,10.0,1.0,68.83,3,0,scam
2857380_black,38,50,1,101,2.5216406363433186,1.2,87.89,7,1,black
815018_black,13086,17,1,20,1.9182958340544891,2.01,17.94,6,1,black
B0B118D714AB4D7EA4CEF94C5C920052-7-4_sex,11445,25,1,83,3.798145057407474,5.02,58.5,36,1,sex
wallpaperad913_17043_white,6766,14,1,65,3.6841837197791887,2.215,91.35,20,0,white
ypcy_white,11254,35,1,56,1.5,2.1,32.5,4,0,white
wtszb_scam,3566,11,1,27,2.321928094887362,1.0,48.56,5,1,scam
labstillalive21077708_black,29357,182,1,135,3.499227541723357,3.87,54.29,21,1,black
516992_sex,12470,52,1,63,2.251629167387823,2.1,53.77,6,1,sex
dgfcvvbbv.ndsf34tewr.reysfawewew_scam,12226,62,1,342,10.0,9.66,95.79,32,0,scam
mv_caomeishipin_white,9940,13,1,17,3.456564762130954,2.2,13.16,15,1,white
yy_white,7709,29,1,47,-0.0,1.3,36.59,2,0,white
eggplant_release_2023_07_19_16-48_v2.9.5.0_230712_jiagu_luodiye_gamble,12312,28,1,97,10.0,2.95,22.13,63,0,gamble
123ebf48f6c67f848243be607eff6833_black,9721,29,1,41,3.402518266288633,2.2,17.29,32,1,black
android_925081710147003_gamble,2757,2,1,5,3.795088586397733,1.02,1.3,23,1,gamble
zhihu_20230717115256_3.2.0-zxza281_sex,3628,14,1,42,3.878068268345523,3.2,35.87,34,1,sex
yxwpjsq0020_black,12026,18,1,20,3.027169118440619,30.2,12.26,11,1,black
oneMallSystem9-v1.0.3_white,6693,25,1,31,4.106603137064474,1.03,17.88,21,0,white
caishunshop1113_gamble,18408,40,1,50,3.3232314287976203,1.11,64.1,15,0,gamble
xctvtbb969305_black,1606,9,1,258,3.238901256602631,5.2,45.92,13,1,black
dx_6001_black,15518,20,1,26,2.521640636343318,1.44,29.29,7,1,black
manmanlu_1002_sex,4268,11,1,25,3.085055102756477,9.9999999999999,28.89,13,1,sex
reop4009_gamble,5685,22,1,58,2.75,6.2,26.48,8,1,gamble
reop4013_gamble,5685,22,1,60,3.0,6.2,23.15,8,1,gamble
inspectweigh2.0-1.0.3.1-online_1031_jiagu_sign_white,27,23,1,23,4.205536075989824,1.031,17.71,46,1,white
kuaigou70004_white,7836,15,1,32,3.0220552088742,2.42,33.27,12,1,white
zzxhyofficial_black,34,36,1,41,3.238901256602631,2.58,23.14,13,1,black
1.0.3_black,7725,29,1,51,1.9219280948873625,1.03,27.07,5,1,black
vcl1000001_sex,34,36,1,52,1.9609640474436807,2.584,28.48,10,1,sex
PHSuperAPP_white,105,36,1,131,10.0,6.2,64.1,10,0,white
zdxbs_gps_white,8867,24,1,56,2.94770277922009,1.094,46.48,9,1,white
mv_beautybox_white,9940,13,1,17,3.418295834054489,2.2,13.15,12,1,white
1688969311784_black,3325,19,1,2,2.661226256269789,7.1017,1.55,13,1,black
Unistep_net_white,10466,45,1,34,2.9139770731827523,1.89,26.73,11,1,white
KK_Android_white,111,77,1,94,2.9219280948873623,8.052,71.41,10,1,white
mv_xiaolanshipin_white,9940,13,1,17,3.452819531114783,2.2,13.15,16,1,white
·Ñé·Ö•·Ü´·ÑÄ·ÖÆ·Ü®_scam,15235,72,1,83,2.584962500721156,1.0,77.84,6,0,scam
2801835_black,16566,49,1,100,2.5216406363433186,1.38,71.01,7,1,black
211_sex,34,12,1,14,10.0,1.0,11.91,3,0,sex
1697532276085_black,10482,27,1,53,3.085055102756477,1.0215,12.68,13,1,black
youxin_white,77,72,1,236,2.584962500721156,2.211,94.81,6,1,white
kdpay1067668_white,8523,28,1,41,3.188721875540867,1.089,48.28,12,0,white
qchx_white,11254,35,1,59,2.0,4.0,32.47,4,0,white
mv_xvideos_white,9940,13,1,17,3.121928094887362,2.2,13.16,10,1,white
712020_black,13086,17,1,20,1.9182958340544896,2.01,17.95,6,1,black
Light_qd12_white,27,14,1,32,3.321928094887362,2.15,25.65,10,1,white
com.ccywlw.tmymmhxp_scam,14328,57,1,91,10.0,5.6929,39.29,19,0,scam
HLZQ_scam,6713,25,1,33,2.0,1.0,24.09,4,0,scam
1.4.42_v2_black,27228,53,1,63,2.5032583347756456,1.442,49.72,9,1,black
ctzq_scam,9784,9,1,191,10.0,1.0,36.52,4,0,scam
PFGEX_scam,5833,32,1,106,2.321928094887362,1.0,11.51,5,0,scam
34943_black,6468,12,1,22,1.521928094887362,2.69,10.24,5,1,black
lds112_white,12765,33,1,75,2.251629167387823,1.12,57.97,6,0,white
Ï≤úÍµ≠_scam,15235,72,1,83,1.0,1.0,77.84,2,0,scam
jdong_tlljg22_sex,3741,14,1,21,3.085055102756477,2.6,16.26,13,1,sex
maomi_2_v1.0.3_gamble,3966,6,1,12,3.378783493486176,1.03,53.85,14,1,gamble
gbedegpna_sex,106,13,1,9,10.0,1.0,17.92,9,0,sex
HCS_scam,4961,12,1,52,1.584962500721156,1.0,18.67,3,1,scam
EoJTsSmkBgGLxVkjiZ5ZhvP9JzjFflvQ_scam,14328,57,1,176,10.0,3.3847,45.97,32,0,scam
6fdccff2ad7c03e8c09de0295b9193f1_sex,3386,9,1,64,3.702819531114783,2.11,353.0,32,1,sex
jjwt_white,11254,35,1,59,1.5,2.1,93.85,4,0,white
1669079100761592_sex,9940,13,1,17,2.686278124459133,2.2,13.16,16,1,sex
488_sex,7038,181,1,9,0.9182958340544896,2.03,4.54,3,1,sex
GS_scam,7377,25,1,20,10.0,1.0,15.2,2,0,scam
16_base_black,105,13,1,34,10.0,1.023,46.02,7,0,black
18-hc454app-release_black,3715,4,1,5,3.5766176449086653,1.0,2.14,19,1,black
63b_sex,4404,8,1,30,1.584962500721156,3.5,8.79,3,1,sex
19b397ddacd8c994db041046b10e9d80_scam,11224,35,1,24,3.453626767019874,1.322,43.56,32,1,scam
avcar_sex,7881,29,1,33,1.9219280948873625,1.0,24.56,5,0,sex
zjbwdl23cs_white,11637,22,1,43,3.321928094887362,2.9,47.26,10,1,white
20231025064023232_black,7488,48,1,59,2.424835634986198,1.03,24.41,17,1,black
fast_v2_1658903038509.1.1_2022-07-06_release_black,3479,18,1,50,4.118078209349709,2.11,19.96,44,1,black
üîó_scam,14991,72,1,87,10.0,1.02,75.01,1,0,scam
base9_scam,1494,7,1,13,2.321928094887362,1.0,5.43,5,0,scam
qooapp_white,16687,27,1,38,1.9182958340544896,8.19,20.43,6,1,white
2.2.1.3.3.4_collections_sex,5054,10,1,31,3.584012370211935,2.21334,12.86,23,1,sex
shlsys0050_sex,7868,12,1,27,2.3709505944546687,2.719,11.67,10,1,sex
bytl1806_white,21866,47,1,71,3.0,18.06,70.92,8,1,white
nucoaix.ucsoexwqly.npdpnpd_scam,17275,64,1,132,3.873140679513132,2.7,68.01,26,0,scam
v.mp_white,1584,16,1,7,2.0,2.25,1.85,4,1,white
0f9dbc9a785e132b8fd5f832098e65b6_black,34,11,1,5,3.7806390622295662,5.5,4.27,32,1,black
‚ùÄÍóº‚ùÄ_scam,14990,72,1,88,10.0,1.0,70.04,3,0,scam
x6gn13g51b_gamble,7172,22,1,48,2.9219280948873623,4.0,20.26,10,1,gamble
mengdui-v2.1.8-2-20230520024016527_nbhome1_sex,7576,26,1,35,4.18348647198907,2.18,24.96,42,1,sex
dafanhao_official_vy5cnove_1.0.0_black,11480,22,1,98,3.929229296672175,1.0,25.76,32,1,black
mtsq_41549_white,6132,15,1,26,3.121928094887362,2.71,5.0,10,1,white
shlsys0260_sex,7868,12,1,27,2.6464393446710157,2.719,11.64,10,1,sex
sxzsjb123456_white,14604,34,1,82,3.418295834054489,2.02,55.22,12,1,white
com.azure.authenticator_v6.2112.8250_downyi.com_black,14747,31,1,50,4.392265649909751,6.2112825,60.69,47,1,black
95Ëá≥Â∞ä_1.0_gamble,2238,3,1,34,3.0,1.0,72.48,8,1,gamble
yxwpjsq0013_black,12026,18,1,20,3.277613436819116,30.2,12.27,11,1,black
base11_scam,5988,23,1,38,2.2516291673878226,5.14,17.93,6,1,scam
dyy_scam,15358,73,1,91,10.0,1.14,77.33,3,0,scam
20230323172942220044_black,9662,44,1,24,2.463865121950854,5.5032113,10.8,20,1,black
mmxxl-90024_white,1790,13,1,68,2.9139770731827523,2.01,83.52,11,1,white
sy_scam,10761,46,1,173,10.0,4.73,35.58,2,0,scam
ce6d0ce684ed590604bcc09f615870e5_scam,5009,17,1,26,3.488608500731241,6.12,11.64,32,1,scam
bbegad.dcdbce.aiahjf_scam,4232,6,1,30,3.3086949695628416,1.0,12.84,20,0,scam
base12_scam,14992,72,1,89,10.0,1.0,71.44,6,0,scam
1.0.2_scam,34,29,1,50,1.9219280948873625,1.02,69.04,5,1,scam
xjyy_3.3.0.5_dangbei_white,4852,32,1,22,3.7841837197791888,3.305,5.47,20,1,white
hhdb7006_gamble,6457,13,1,16,2.5,1.0,62.83,8,1,gamble
htehtc_scam,7750,25,1,40,1.9182958340544891,8.29,19.81,6,0,scam
346b2a4961918b32f9285b89a0ebeed0_black,27,49,1,38,3.679229296672175,1.5,30.04,32,1,black
cdj2j_qqq1_sex,23,17,1,13,2.646439344671016,1.17,24.78,10,1,sex
maomi_1_v1.0.3_sex,3966,6,1,12,3.235926350629033,1.03,53.85,14,1,sex
ddttmh0003_sex,7668,12,1,26,2.4464393446710155,2.7,10.34,10,1,sex
spy-rename-1108_signed_20230914_165959_white,54,37,1,229,4.273728829005326,4.37,44.3,38,1,white
mmlu_sex,4180,11,1,17,1.5,1.36,17.04,4,1,sex
base7_scam,5098,24,1,24,2.321928094887362,1.0,46.08,5,1,scam
app_102_black,14740,28,1,25,2.5216406363433186,1.02,30.22,7,1,black
sotong_v2.0.6-20230615101223180_sex,7576,25,1,53,3.689058215261919,2.07,28.98,31,1,sex
mv_xiaoketoushipin_sex,9940,13,1,17,3.794653473544342,2.2,13.16,18,1,sex
Â∑®ÊòüÁßëÊäÄ_scam,14328,57,1,91,10.0,2.3068,38.95,4,0,scam
alsp_x1_2.1_sex,7755,14,1,68,3.095795255000934,2.1,13.72,11,1,sex
zgm_white,3617,14,1,61,1.584962500721156,1.0,4.55,3,1,white
ty_sex,8128,12,1,40,1.0,3.2,18.46,2,1,sex
feiyue30036_white,7864,15,1,31,2.9139770731827523,2.62,31.96,11,1,white
hbabhecb.dfiacfcc.ebjeeded_scam,7380,9,1,10,3.147957872887235,1.0,7.35,26,0,scam
com.flmhf.flmhf_scam,9792,30,1,44,2.6565647621309543,240102.0,67.76,15,1,scam
tianf.tfet.hsjl_scam,4985,6,1,7,3.3232314287976203,1.0,14.62,15,0,scam
ykh_scam,23,11,1,27,1.584962500721156,1.0,44.16,3,0,scam
ÁºòËµ∑_scam,15598,66,1,235,10.0,1.8,80.15,2,0,scam
XxMmYaWH_scam,14479,67,1,122,3.0,2.7,49.45,8,0,scam
1ace25ed992a997d43362ed4f0665e95_gamble,3983,7,1,71,3.605337797403416,1.0,23.95,32,1,gamble
Ê≤ÉÂçöËÅî_scam,14328,57,1,90,10.0,4.474,39.19,3,0,scam
yesj_scam,16371,43,1,117,10.0,3.0,75.72,4,0,scam
yxwpfz0355_black,12023,18,1,18,3.1219280948873624,30.2,10.07,10,1,black
e10c56c391a1ecf23ba1f56ae974265d_black,416,13,1,2,3.757048827786958,5.31,0.09,32,0,black
ysh_sex,2953,5,1,55,1.584962500721156,1.0,35.09,3,1,sex
joi_230727_7.8.0_45808_black,76,22,1,87,3.413088436425757,7.8,49.14,22,1,black
xlcs_2010_white,6456,13,1,18,2.9477027792200903,1.0,62.24,9,1,white
hls_black,15,15,1,70,1.584962500721156,1.43,28.99,3,1,black
ZTON_scam,15358,73,1,91,10.0,1.14,77.33,4,0,scam
gah527_web_gamble,4145,6,1,3,3.321928094887362,1.0,3.08,10,1,gamble
doule1109_white,13794,32,1,70,2.94770277922009,1.02,96.37,9,1,white
mec_2.3.43_white,7910,36,1,520,2.9219280948873623,2.343,54.16,10,1,white
mysp_myhlw11_1.1_sex,12028,21,1,78,3.125,1.1,29.5,16,1,sex
national_postman_1.5.0_white,34,34,1,98,3.663532754804253,1.5,68.18,22,1,white
cg51.313-230727_gamble,2207,22,1,49,3.1898980954642875,3.14,22.39,15,1,gamble
wjycnnzcd_147566_white,13010,22,1,158,3.625,2.6,85.65,16,1,white
MH_A_1.5.1_151_2023.11.07_sex,13586,14,1,29,3.1434651896016472,1.51,12.17,25,1,sex
xingman-v3.1.1-20230617091656879_nbhome1_sex,7576,24,1,43,4.325070520364182,3.11,28.41,40,1,sex
1686210245942_black,3325,18,1,2,2.873140679513133,7.1015,1.55,13,1,black
Ê¥æÂ§ßÊòü_scam,14993,72,1,204,10.0,1.0,70.4,3,0,scam
huaji_white,7037,181,1,10,2.321928094887362,2.0,4.27,5,1,white
38-hc142app-release_black,3715,4,1,5,3.6818808028034025,1.0,2.12,19,1,black
KFC_Brand_white,105,35,1,133,10.0,6.52,57.05,9,0,white
feiniao10021_white,5783,16,1,29,3.084962500721156,2.55,33.67,12,1,white
ùñû‡øèùñû_scam,15358,73,1,92,10.0,1.14,87.31,3,0,scam
·Ñá·Ö°·Ü∑·Ñé·Öµ·Ü´·ÑÄ·ÖÆ_scam,10761,46,1,66,10.0,4.73,31.27,8,0,scam
oneMallSystem6-v1.0.3_white,6693,25,1,30,4.106603137064474,1.03,17.95,21,0,white
sjxqd_scam,7749,23,1,48,10.0,10.01,23.82,5,0,scam
0bbc35dbd93c7f243ddd714062c45c19_black,33,11,1,6,3.566428031846024,3.5,6.78,32,1,black
0_sex,3924,5,1,44,-0.0,1.0,26.87,1,1,sex
LG_scam,855,3,1,12,1.0,1.32,8.09,2,0,scam
‰∏áÊüèÂêàÂäû_scam,14996,72,1,79,10.0,1.0,68.96,4,0,scam
qwlm-2.2.3_scam,10806,18,1,117,2.9219280948873623,2.23,109.75,10,1,scam
fjmz_black,159,5,1,32,2.0,0.27,52.87,4,1,black
ybdw_v1_white,12731,35,1,35,2.807354922057604,1.7,17.62,7,1,white
Lakala_Android_white,110,43,1,101,3.3248629576173574,9.3118,90.8,14,1,white
15gelin114_black,7505,28,1,40,2.8464393446710154,1.14,19.81,10,1,black
stt866384_sex,83,51,1,365,10.0,15.4,92.06,9,0,sex
tiangua0109_white,13086,17,1,21,3.095795255000934,2.01,17.96,11,1,white
appStore-prod7ARelease7A-1.6.2-16020_black,3051,100,1,8,4.127986806877675,1.62,7.76,36,1,black
55f8bf5503e6f13829569f38d7298de6_black,10272,66,1,228,3.5039280318460246,10.23,68.62,32,1,black
1694420787330_black,6746,35,1,71,3.085055102756477,4.1813,19.43,13,1,black
202310131207209615_black,6906,24,1,34,2.725480556997868,1.08,17.82,18,1,black
4d73ea74daabff284a5ecc0030090104_sex,3621,18,1,13,3.640319531114783,1.8,5.43,32,1,sex
1696917034831_black,11284,39,1,41,2.873140679513133,7.01040008,32.62,13,1,black
00a918d86701af1b1acf12cfce132c01_black,27,14,1,51,3.463710641914682,5.27,24.79,32,1,black
magazine1.1.0_white,9126,26,1,40,3.238901256602631,1.1,26.96,13,1,white
ths_dt_scam,25423,32,1,381,2.2516291673878226,9.0031,85.31,6,1,scam
com.huaxiaozhu.rider_123767_black,18161,38,1,84,4.162294909570877,1.4,51.73,27,1,black
Palipali_sex,77,22,1,17,2.25,2.653457,13.94,8,1,sex
app_v2.0.3_sex,10704,22,1,27,2.9219280948873623,2.03,36.15,10,1,sex
92ab024173eb7cd90383af987bcc0793_black,21848,51,1,91,3.616729296672175,8.8,42.31,32,1,black
release_white,7647,38,1,19,2.1280852788913944,1.26,17.62,7,1,white
lgwy_scam,14328,57,1,90,10.0,3.175,38.67,4,0,scam
ü§ôü§ôü§ô_scam,16968,64,1,115,10.0,2.7,69.51,3,0,scam
dge8161_gamble,7172,22,1,48,2.521640636343318,4.0,20.26,7,1,gamble
sftv_tcl051_1.1.1_sex,15461,26,1,127,3.263933429485634,1.11,36.59,17,1,sex
etralab_appstore_android_white,5437,12,1,9,3.5535088547976788,0.17,5.01,24,1,white
wbmmacu25_105_sex,1413,4,1,8,3.3927474104487847,1.01,1.91,13,1,sex
ls_white,14235,59,1,39,1.0,1.24,15.96,2,1,white
bible_black,11911,10,1,45,1.9219280948873625,3.35,28.13,5,1,black
bgjdrzcxxt_black,9758,189,1,19,3.1219280948873624,14.701,40.75,10,1,black
qiangzhuan_v0.7_downyi.com_white,699,2,1,7,4.132944044980958,0.7,23.48,26,0,white
console-release4.2.56.2_white,12947,28,1,32,3.621175542919471,4.2562,20.15,23,1,white
sczq_scam,7750,25,1,40,2.0,8.29,20.8,4,0,scam
403_sex,34,12,1,14,10.0,10.312152,11.96,3,0,sex
713011_black,13086,17,1,20,1.7924812503605778,2.01,17.98,6,1,black
4t1y0tu91ups5zlr9g_gamble,7172,22,1,48,3.725480556997868,4.0,20.28,18,1,gamble
soutong_sex,19226,57,1,199,2.5216406363433186,5.1600409,68.1,7,1,sex
607029_black,13086,17,1,20,2.2516291673878226,2.01,17.95,6,1,black
ÂÖ¨ÂÆâÊ£ÄÂØüÁ≥ªÁªü_scam,4094,32,1,17,10.0,48.558913,8.82,6,0,scam
paiqiushaonian_v1.5.0_downyi.com_black,9759,11,1,91,4.093139062229566,1.5,33.46,32,1,black
Lakala_Android_scam,110,43,1,101,3.3248629576173574,9.3118,90.8,14,1,scam
tzptqoyda_white,58,13,1,9,10.0,1.0,17.91,9,0,white
tenwin_white,6730,22,1,66,2.2516291673878226,0.176,49.55,6,1,white
wp-app-release_black,2968,9,1,19,2.8423709931771093,1.017,24.43,14,1,black
zqgmgwdhma9tx_gamble,7172,22,1,48,3.3927474104487847,4.0,20.26,13,1,gamble
IG_scam,14992,72,1,217,10.0,1.0,78.37,2,0,scam
mmst_white,34,30,1,116,1.5,4.18,75.63,4,1,white
zjsoft0275_sex,7818,12,1,26,3.321928094887362,2.705,11.02,10,1,sex
ajyl_gamble,3184,15,1,106,2.0,1.001,50.54,4,1,gamble
TJGC_20231114_1.0.3_white,27,34,1,71,3.300559092390954,1.03,54.21,19,1,white
jzdbz_v1.2.13_downyi.com_white,4574,7,1,88,3.970175521464345,1.213,85.51,24,1,white
Ê∏£ÊâìÊú∫ÊûÑÁâà_scam,7750,25,1,39,10.0,1.09,22.09,5,0,scam
zlz_prod_v1.0.0_2020_1130_100_jiagu_sign_vivo_white,34,24,1,51,3.910491775024561,1.0,21.88,45,1,white
com.zshuall.fread_2a6d05ce_black,19831,33,1,61,4.132944044980958,1.08,25.1,26,1,black
jmqsbjmnq_white,5688,4,1,35,2.5032583347756456,-1.0,21.7,9,1,white
4991940339434900_scam,6814,11,1,13,10.0,1.0,5.85,16,0,scam
jdshop_scam,3617,14,1,60,2.584962500721156,19.22,3.27,6,1,scam
MH_C_1.5.1_151_2023.11.07_sex,13586,14,1,29,3.1434651896016472,1.51,12.17,25,1,sex
61909_sex,6468,12,1,22,1.9219280948873625,2.69,10.26,5,1,sex
cartoon240313_cartoon_240309_4.0.3+114_sex,6240,13,1,45,3.78714396069814,4.03,41.7,38,1,sex
feiji50003_white,7838,15,1,30,2.646439344671016,1.42,31.44,10,1,white
app-release6.5.0.0_white,37,40,1,92,3.30827083453526,6.511,59.97,18,0,white
51fulishev3.0.1_sex,10798,22,1,23,3.640223928941852,3.01,26.54,15,1,sex
ahaspeed_android_black,2368,15,1,64,3.2806390622295662,3.3,47.73,16,1,black
com.ggle.android.gsf_13_33_black,3599,77,1,46,3.921029621737614,13.0,6.95,26,1,black
stmn_black,4246,7,1,8,2.0,1.0,1.66,4,1,black
1d6gxb13dg5b_gamble,7172,22,1,48,2.918295834054489,4.0,20.26,12,1,gamble
C_pfd001_baidurelease_V1.8.155_06_15_17_12_black,6825,23,1,16,4.072652614083033,1.815506151712,10.82,42,1,black
com.app.secufex_scam,1350,8,1,3,3.373557262275185,4.0,1.94,15,1,scam
zc_gamble,2843,7,1,26,1.0,1.0,4.29,2,0,gamble
qysq1.5.0_154_11-03-20-13_sex,23,15,1,75,3.3990795706241745,1.5,29.3,25,1,sex
xlcs_2001_white,6456,13,1,18,2.9477027792200903,1.0,62.24,9,1,white
91soyo_white,9256,32,1,32,2.251629167387823,1.15,19.63,6,0,white
com.wvagpe.xhrhoppe_scam,14328,57,1,92,10.0,0.184,39.94,19,0,scam
wKgBiGVR5NOAGEhKAljowOIKhFA316_white,16414,40,1,94,4.32323142879762,1.65,37.56,30,1,white
com.ggle.android.gsf_12_31_black,3695,72,1,46,4.026986833359286,12.7567768,7.05,26,1,black
tms-prod-1.0.36_white,8268,31,1,41,3.640223928941852,1.016,24.8,15,1,white
xpjylc805202_Android_production_gamble,15156,34,1,105,4.1313003425053605,2.0,39.3,31,1,gamble
zw.ytwd.hnuw_scam,4985,8,1,56,3.0220552088742,1.0,18.49,12,0,scam
renwoxingpjb_v5.1.2.0_downyi.com_white,61,188,1,35,4.265319531114783,-1.0,7.19,32,1,white
zhongshengzhilu1081670_white,6824,16,1,29,3.788754913993503,2.13,54.75,22,1,white
9a5465599b8140cfb0c2dd72db4c8455_black,27,83,1,73,3.605337797403416,3.002,60.74,32,0,black
ddttmh0002_sex,7818,12,1,26,2.4464393446710155,2.705,10.87,10,1,sex
ymxxl-90010_white,1790,13,1,102,2.8453509366224368,2.01,92.36,11,1,white
91kanpian_0927_sex,10011,14,1,20,3.3787834934861767,8.1834026616,18.28,14,0,sex
hui.member_white,3445,11,1,40,2.9219280948873623,1.4,24.01,10,0,white
com.apkpure.aegon_scam,10679,40,1,15,3.499227547132693,3.1968,9.56,17,1,scam
jtyudi-90008_white,1790,13,1,101,3.188721875540867,2.01,98.01,12,1,white
paiqiushaonian_black,9759,11,1,86,2.985228136034252,1.32,31.54,14,1,black
mmxxl-90008_white,1790,13,1,68,2.663532754804255,2.01,83.52,11,1,white
49shipin_1015_sex,8439,20,1,31,3.3927474104487847,6.666,20.88,13,1,sex
zhinengshenp_white,8301,31,1,50,2.8553885422075336,2.5,50.96,12,1,white
laowang_sex,7881,29,1,32,2.5216406363433186,1.1,24.54,7,1,sex
rj_anburuanjinaku_sex,7453,14,1,18,3.013070929103845,4.1,6.8,17,1,sex
taxmobile-gds-release_146_sign_white,15,42,1,99,4.081727678869736,1.46,51.97,30,1,white
9177_gamble,3184,15,1,103,1.5,1.001,69.04,4,1,gamble
weizhibiji_v7.8.3_downyi.com_white,11224,31,1,52,4.008621780036165,7.83,39.06,28,1,white
com.ggle.android.gms_203915019_black,39084,232,1,77,4.189898095464288,20.39150404003351,75.59,30,1,black
hm_gspace_release_white,14898,182,1,33,3.2639334294856344,2.26,15.27,17,1,white
53f8860bffa3b3f9370040bd10022bad_gamble,2757,2,1,5,3.515319531114783,1.02,1.31,32,1,gamble
wx_scam,16088,45,1,91,10.0,4.17,60.14,2,0,scam
67_sex,4428,8,1,29,1.0,3.5,9.49,2,1,sex
aqdlt_android_0828_sex,2573,3,1,9,3.572431251322119,1.2,3.7,18,1,sex
10_black,7214,43,1,40,1.0,1.06,26.53,2,0,black
com.byucbxa.cnjknsq_scam,8925,8,1,96,10.0,1.0,36.53,19,0,scam
ZqERp_black,8629,33,1,28,2.321928094887362,1.0,15.55,5,0,black
c8a92555ecac4548b003afc1197b4cb7_scam,13195,26,1,68,3.6289280318460246,8.3001,26.45,32,1,scam
SAiNjKl-147YP_sex,15,14,1,58,3.7004397181410926,4.7,30.54,13,1,sex
qslkjfzsxz1050542_white,23497,33,1,91,3.616874605956223,1.0,43.84,17,1,white
ty720_sex,8100,12,1,40,2.321928094887362,3.2,16.47,5,1,sex
tiexzz_white,635,6,1,153,2.2516291673878226,1.15,24.37,6,1,white
MINSHENG_scam,2289,2,1,8,2.75,1.0,33.01,8,1,scam
base10_scam,14478,67,1,99,10.0,2.7,54.06,6,0,scam
4090643dbe68cb4dc51e615e3fe6fa77_sex,11327,25,1,69,3.788909765557392,1.15,20.98,32,1,sex
zhihu_20230714163648_3.2.0-zxza369_sex,3628,14,1,42,3.998652546878167,3.2,35.87,34,1,sex
4ed1dd2e80f254a166241426d371563f_scam,2529,11,1,13,3.5,2.02,55.05,32,1,scam
huang3_sex,8828,53,1,76,2.584962500721156,1.13,38.3,6,1,sex
csss01_sex,27389,67,1,158,1.7924812503605778,6.140202310181836,99.28,6,1,sex
new_deppon_pma_white,74,61,1,51,3.039148671903071,0.1161,33.86,14,1,white
dytt_tdytt051x_1.1.0_black,10173,21,1,70,3.0037016960573486,1.1,11.68,20,1,black
6tydj6ty1351_gamble,7172,22,1,48,2.9182958340544896,4.0,20.26,12,1,gamble
ÂèçËØàË∞ÉËØÅ-4.1.0_scam,4788,20,1,17,3.1219280948873624,4.1,4.95,10,1,scam
zjbwdl23zs_white,11637,22,1,43,3.121928094887362,4.1,47.26,10,1,white
15060399_black,288,6,1,181,2.5,3.43,96.46,8,1,black
51luoli_0801_sex,11168,13,1,30,3.084962500721156,3.3,16.93,12,1,sex
honghuojia_black,4780,22,1,134,2.9219280948873623,1.0,12.86,10,1,black
%E5%BF%AB%E9%B8%9F1.2.48_black,34,20,1,52,3.3239348962840563,1.248,12.31,24,1,black
mercury_v2_1681385058241.1.8_2023-03-17_release_white,3479,18,1,85,4.195561128679186,2.18,19.46,47,1,white
GoogleServicesFramework_black,1210,66,1,4,3.762267390651495,4.22612687,1.53,23,1,black
jz_scam,15052,65,1,133,1.0,1.8,69.89,2,0,scam
huoguo_1.0.2_white,17722,18,1,113,3.084962500721156,1.02,89.18,12,1,white
SAiNjKl_qra48_sex,15,14,1,58,3.7004397181410926,4.7,30.54,13,1,sex
com.huluxia.gametools42185_black,15600,37,1,159,4.132944044980958,4.2185,34.96,26,1,black
zh1212_3.0.0_release_gamble,11932,31,1,159,3.5841837197791886,3.0,66.76,20,1,gamble
base8_scam,14328,57,1,73,10.0,5.3275,40.95,5,0,scam
yidaiyilu_white,3617,14,1,61,2.4193819456463714,1.0,4.13,9,1,white
app-dsgnb78-release_gamble,8958,21,1,27,3.576617644908665,1.173912,31.96,19,1,gamble
mv_8x8xshipin_sex,9940,13,1,17,3.238901256602631,2.2,13.15,13,1,sex
525027_black,13086,17,1,20,1.9182958340544891,2.01,17.96,6,1,black
NB_Android_OneApp_v2.2.9_b11_Release_202307211342__sign_sex,12879,32,1,88,4.394729486133924,2.29,30.52,55,1,sex
WindmillVPN_v2.61_black,5565,12,1,21,3.8521687236032816,2.61,7.46,17,1,black
2c_sex,4428,8,1,29,1.0,3.5,9.49,2,1,sex
1310400004_gamble,6199,24,1,35,1.7609640474436812,1.01,40.54,10,1,gamble
1.4.42_s115140_c0_v2_black,27228,53,1,63,3.1464393446710157,1.442,49.72,20,1,black
aoye_1.0.3_2023-05-27-16-06_black,8176,25,1,24,3.6158175946759328,1.03,11.27,27,1,black
59_black,34,12,1,15,10.0,2.061,11.8,2,0,black
ETos_white,3487,12,1,14,2.0,1.44,3.58,4,1,white
ydm_33_white,6875,15,1,36,2.2516291673878226,1.33,46.64,6,1,white
7c319ea46c93aa3a10b4e021dc8880d7_black,30731,58,1,137,3.694548827786958,1.05714,89.01,32,1,black
shlsys1008_sex,7868,12,1,27,2.646439344671016,2.719,11.66,10,1,sex
com.amap.twreidingconcerningvaliut.tokonyoutvuleva_gamble,3057,18,1,6,4.063981820580905,1.1,4.47,50,1,gamble
09240a70047a97b73237b8afea507934_black,18752,66,1,81,3.331747562960808,3.5,81.78,32,0,black
zxdy_white,6925,37,1,15,2.0,1.0,6.95,4,1,white
61890_sex,6468,12,1,23,2.321928094887362,2.69,10.25,5,1,sex
vcl298_sex,34,36,1,51,2.584962500721156,2.584,28.5,6,1,sex
cxzq_scam,34,24,1,26,2.0,24.0217,34.56,4,1,scam
20231024-234328_sex,3985,23,1,27,2.5492553971685,4.31,36.68,15,1,sex
hymn_white,9819,11,1,35,2.0,5.21,22.49,4,1,white
sdfsfds-MNNYP_sex,15,14,1,66,2.873140679513133,1.57,27.13,13,1,sex
appshare_sex,3247,9,1,47,2.5,4.9,23.62,8,1,sex
Âô´Ë¥ùÊòì_white,6790,37,1,14,1.584962500721156,1.0,6.04,3,1,white
com.ggle.android.gsf_10_29_black,744,71,1,45,4.103909910282363,10.647567,4.1,26,1,black
com.unkk.hcvv_scam,2374,11,1,34,3.085055102756477,8.161,10.44,13,1,scam
app-product-release_white,22708,40,1,57,3.43162356584743,1.051,40.35,19,1,white
yxwpjsq0006_black,12026,18,1,20,3.027169118440619,30.2,12.27,11,1,black
26530e8cee9d03860d84d2d305b58cdc_black,587,4,1,3,3.417837797403416,1.0,0.33,32,1,black
douyin18_black,5094,13,1,30,3.0,9.99,10.33,8,0,black
yqz178_scam,10997,52,1,64,2.584962500721156,7.112,20.35,6,1,scam
leisi_master_sex,7365,11,1,48,3.084962500721156,8.06,24.34,12,0,sex
mv_1024shipin_white,9940,13,1,17,3.546593564294939,2.2,13.15,13,1,white
hybook_white,38,23,1,24,2.251629167387823,1.17,11.83,6,1,white
Android_OneApp_v2.2.9_b11_Release_202307211314__sign_sex,12879,32,1,88,4.323023316113392,2.29,30.52,52,1,sex
5fb30c036f96264461c6ae42587ed0dd_sex,11366,25,1,63,3.8164280318460246,2.48,17.85,32,0,sex
04fef0b5fcb9c8cc3365bf6f29bd02d1_scam,9907,26,1,114,3.6136085007312415,2.27,95.5,32,1,scam
xshhxhz1215_sex,2915,4,1,15,2.663532754804255,1.0,38.71,11,0,sex
mv_dounaishipin_white,9940,13,1,17,3.4565647621309536,2.2,13.15,15,1,white
mv_jiuye_sex,9940,13,1,17,3.0,2.2,13.16,8,1,sex
Light_qd13_white,27,14,1,32,3.321928094887362,2.15,25.65,10,1,white
haoflyApp_black,6614,37,1,92,2.9477027792200903,1.56,18.09,9,0,black
80028_black,34,12,1,14,10.0,8.3272,11.96,5,0,black
yxdmjsq0004_black,12026,18,1,20,3.027169118440619,30.2,12.27,11,1,black
safeapp_white,10021,33,1,39,2.235926350629033,1.047,27.99,7,1,white
shipping_white,27,30,1,62,2.5,1.75,45.17,8,1,white
qianxun_white,260,29,1,58,2.521640636343318,1.08,41.18,7,1,white
zljec_white,2966,12,1,86,2.321928094887362,2.2,58.82,5,1,white
okx-android_scam,65237,79,1,933,3.0957952550009344,6.59,289.79,11,1,scam
jiafeimao_v1.8.4.1-release-2022_07_29-17-21_sign_white,7584,43,1,48,4.254247855285174,1.841,29.65,48,1,white
mtxfczbca_white,10,13,1,9,10.0,1.0,17.9,9,0,white
26edec3c8b83b984204267e96ae022e1_black,34,17,1,3,3.6022170014624826,1.3,3.99,32,1,black
2fb31579f356653af8f5eadc83734e47_sex,10025,39,1,17,3.6761085007312415,1.18,14.55,32,1,sex
kb-ycpa52_white,5066,14,1,26,3.169925001442312,2.1,11.82,9,1,white
SDK_black,1175,4,1,5,1.584962500721156,3.0,0.63,3,1,black
shyy_sex,11151,17,1,45,1.5,4.16,23.48,4,1,sex
sdjsq_58419_black,9729,29,1,36,3.2776134368191165,1.31,17.39,11,1,black
SonyHires-backoffice-3.6.91698827043429_white,17786,46,1,35,4.548097411114467,3.69,63.24,39,1,white
89hrhwi2xgtdndx4e7_black,7172,22,1,48,3.8365916681089782,4.0,20.28,18,1,black
lets-579_white,6,42,1,34,3.0,2.1824,50.12,8,0,white
install_scam,4666,15,1,22,2.521640636343318,2.21,25.76,7,1,scam
32-hc141app-release_black,3715,4,1,5,3.5766176449086653,1.0,2.12,19,1,black
7dy_gamble,6553,28,1,8,1.584962500721156,1.0,5.03,3,1,gamble
com.gchfm.gchfm_scam,9792,30,1,41,2.739572261986723,23.1208,30.1,15,1,scam
mv_huoyanshipin_white,9940,13,1,17,3.506890595608519,2.2,13.16,15,1,white
5f9028a4aff659a277ad1d002b3f7f6c_sex,3621,18,1,13,3.691428031846024,1.8,5.43,32,1,sex
mdmjgfb__white,39872,63,1,288,2.75,8.1911,98.96,8,1,white
com.H3hQkPV0O.YHCcl_scam,8049,10,1,26,3.932138039759373,1.0,25.49,19,1,scam
shiwenys0044_sex,7862,12,1,27,3.084962500721156,2.718,11.83,12,1,sex
16-hc496app-release_gamble,3715,4,1,5,3.5766176449086657,1.0,2.14,19,1,gamble
renwoxing_downyi.com_white,7327,33,1,63,3.6464393446710153,2.04,20.1,20,1,white
pz_plugin_works_v1.1_release_new_white,4714,9,1,9,3.9496987351738495,1.1,3.48,32,0,white
bv_gamble,10447,36,1,91,1.0,3.32,28.3,2,1,gamble
A1B9E075897DA54DF1E9A2EBF693C49A_white,27,47,1,212,3.8011085007312415,0.0974,82.51,32,1,white
wwxu_sex,2555,3,1,39,1.5,1.0,6.32,4,1,sex
my5obk0m72is_gamble,7172,22,1,48,3.418295834054489,4.0,20.27,12,1,gamble
vcb6xg8n613_gamble,7172,22,1,48,3.277613436819116,4.0,20.26,11,1,gamble
shuzirmb_scam,16048,74,1,91,3.0,1.011,74.43,8,1,scam
caomeiyinghe13_sex,3621,18,1,13,3.52164063634332,1.8,5.43,14,1,sex
book0616_sex,12143,26,1,92,2.5,2.54,48.1,8,0,sex
sdApp_white,6693,25,1,22,1.9219280948873625,1.01,11.28,5,0,white
ompug5_sex,7038,181,1,11,2.584962500721156,2.03,4.72,6,1,sex
815020_black,13086,17,1,20,2.251629167387823,2.01,17.95,6,1,black
62040_sex,6468,12,1,22,1.9219280948873625,2.69,10.27,5,1,sex
kaoshizuobishaonvdejiaoyufangfa_white,17,54,1,180,3.8456631498513816,2.0311,66.97,31,1,white
ant0531_black,4822,11,1,27,2.807354922057604,2.64,14.95,7,1,black
‰∏áÁ¶æ_scam,14993,72,1,119,10.0,1.0,71.07,2,0,scam
com.wahua.yangyang_gamble,1285,15,1,157,3.2810361125534238,2.0,75.89,18,1,gamble
tfxlb853175_white,27,43,1,59,3.277613436819116,1.0,75.23,11,1,white
29e9bbb51a5b115132177d30f42c7cc5_sex,3621,18,1,13,3.5664280318460246,1.8,5.43,32,1,sex
shlsys0078_sex,7868,12,1,27,2.6464393446710157,2.719,11.65,10,1,sex
91video261-230614_sex,4070,19,1,29,3.572469458770136,2.61,41.33,17,1,sex
„Éü„Éü_scam,10761,46,1,171,10.0,4.73,34.02,2,0,scam
com.huaxiaozhu.driver_123768_black,16673,40,1,93,4.307354922057604,1.4,80.51,28,1,black
qqhh_black,4211,2,1,9,1.0,1.0,3.39,4,1,black
mt_0727_sex,2207,22,1,46,2.521640636343318,1.02,23.93,7,1,sex
zf6v816zf8_gamble,7172,22,1,48,2.5219280948873624,4.0,20.26,10,1,gamble
console-release4.2.83.1_white,38,29,1,34,3.7081320646586016,4.2831,22.66,23,1,white
feiyue30023_white,7864,15,1,31,2.9139770731827523,2.63,32.4,11,1,white
iwantu.app_sex,6633,34,1,68,2.9219280948873623,1.16,25.03,10,0,sex
P35_3915_com.longquan126.cn_v1511_202307010340_gamble,6564,35,1,66,4.14564721724714,1.511,41.5,46,1,gamble
douyin_tdy3975_5.2.1_sex,15445,26,1,125,3.821928094887362,5.21,36.65,20,1,sex
com.lyudfbxm_scam,5028,13,1,13,3.418295834054489,1.0,20.49,12,1,scam
android_white,5812,28,1,29,2.5216406363433186,1.117,8.78,7,1,white
zjsoft0005_sex,7818,12,1,26,2.8464393446710154,2.705,10.83,10,1,sex
hls_1.4.3_black,15,15,1,70,2.94770277922009,1.43,28.99,9,1,black
gotobrowser-2.10-rev9-release_black,3409,10,1,9,3.784897702756409,2.109,11.29,29,1,black
12-hc465app-release_gamble,3715,4,1,5,3.6818808028034025,1.0,2.14,19,1,gamble
com.huaxiaozhu.driver_1.22.17_black,4216,39,1,105,4.03039478823102,1.2217,86.83,29,1,black
nanolite1.1.10_white,14936,31,1,78,3.1820058147602133,1.11,59.67,14,1,white
68zxv6f_gamble,7172,22,1,48,2.5216406363433186,4.0,20.26,7,1,gamble
c2cf36b672d0c115c102e1196645d27d_black,4107,15,1,16,3.551108500731241,3.13,3.83,32,1,black
ÁõäÊ∞ëÂçèÂäû_scam,14994,72,1,89,10.0,1.0,72.88,4,0,scam
hxsyjsbbgrjxz1049970_white,6905,17,1,43,3.721928094887362,1.03,26.89,20,0,white
huoshanshiwan_scam,12502,35,1,116,2.873140679513133,1.11,43.09,13,1,scam
wypy_white,36,32,1,48,1.5,1.0112,41.8,4,1,white
Click_me_to_install_SnapTube_tube_snaptube2021_ad_white,26508,33,1,60,4.172443834665063,7.0907096131,22.43,49,1,white
mtsp_sex,17,4,1,7,10.0,1.0,3.97,4,0,sex
1699844733046_black,6746,35,1,69,2.8731406795131336,4.1016,16.54,13,1,black
huoying1060755_black,3105,21,1,3,3.521640636343319,2.1,4.86,14,1,black
56f70de5e3bc8ac4890af8e75968c36f_black,12965,71,1,246,3.694548827786958,10.1,81.19,32,1,black
android_385531710409242_gamble,2757,2,1,5,3.914866303883101,1.02,1.31,23,1,gamble
68lsh4t6hwylfitk0p_gamble,7172,22,1,48,3.725480556997868,4.0,20.28,18,1,gamble
dyyx_gamble,366,18,1,69,1.5,1.0,60.62,4,1,gamble
tt214811.5920_sex,357,4,1,5,3.0269868333592878,2.83,0.9,13,1,sex
626004_black,13086,17,1,20,1.9182958340544891,2.01,17.94,6,1,black
+++_scam,15905,74,1,90,10.0,1.2,90.03,3,0,scam
86-yl.cll.im.nenif_scam,10714,37,1,90,3.419381945646371,7.28,20.64,18,0,scam
zhejiangxinwen11648_white,15937,39,1,77,3.6818808028034016,8.37,71.22,19,1,white
bcfeebhr.cfadhbes.dhhcject_scam,23,25,1,56,3.363713275750189,3.721,31.05,26,0,scam
mv_luolishe_white,9940,13,1,17,3.277613436819116,2.2,13.37,11,1,white
PDA_RUINENG_PRO_3.0.42_202311140910389519959_white,6696,33,1,34,4.079225801519103,3.042,19.35,44,0,white
hxl0015_sex,8828,53,1,76,2.521640636343318,1.13,38.3,7,1,sex
musiverse_white,9977,17,1,38,2.725480556997868,1.2,24.34,9,1,white
xhds_white,27,13,1,18,2.0,1.029,14.25,4,1,white
