apk_name,api_calls,permissions,suspicious_resources,entropy,version,storage,base_name_length,top_level_domain_match,sensitive_api_count,label
caishunshop1113,18408,40,50,3.3232314287976203,1.11,64.1,15,0,154,gamble
A1B9E075897DA54DF1E9A2EBF693C49A,27,47,212,3.8011085007312415,0.0974,82.51,32,1,0,white
kuaizhi,4967,31,22,2.521640636343318,2.2,3.98,7,1,44,white
ty,8128,12,40,1.0,3.2,18.46,2,1,61,sex
com.ggle.android.gsf_10_29,744,71,45,4.103909910282363,10.647567,4.1,26,1,2,black
spy-rename-1108_signed_20230914_165959,54,37,229,4.273728829005326,4.37,44.3,38,1,1,white
xqnrjk,5400,41,12,2.584962500721156,1.0,5.79,6,1,12,black
ktll44,3645,20,20,1.9182958340544896,4.722421,3.13,6,1,8,white
sftv_tcl051_1.1.1,15461,26,127,3.263933429485634,1.11,36.59,17,1,27,sex
tvchong2.3.6,21253,38,47,3.4182958340544896,2.36,31.87,12,1,166,black
ymxxl-90013,1790,13,102,3.095795255000934,2.01,92.36,11,1,3,white
Jixyx0113_6747,9581,30,49,3.378783493486176,6.747,60.57,14,1,53,white
63b,4404,8,30,1.584962500721156,3.5,8.79,3,1,13,sex
tfxlb853175,27,43,59,3.277613436819116,1.0,75.23,11,1,0,white
mtxfczbca,10,13,9,10,1.0,17.9,9,0,0,white
redungeon_v4.65_downyi.com,7381,7,44,4.026986833359286,4.65,41.22,26,1,14,white
mv_xiaoketoushipin,9940,13,17,3.794653473544342,2.2,13.16,18,1,46,sex
95Ëá≥Â∞ä_1.0,2238,3,34,3.0,1.0,72.48,8,1,10,gamble
18,9581,33,45,1.0,1.64,37.84,2,0,53,black
GS,7377,25,20,10,1.0,15.2,2,0,39,scam
bcfeebhr.cfadhbes.dhhcject,23,25,56,3.363713275750189,3.721,31.05,26,0,0,scam
com.huaxiaozhu.driver_1.22.17,4216,39,105,4.03039478823102,1.2217,86.83,29,1,2,black
xx,10761,46,68,-0.0,4.73,30.28,2,0,31,scam
65148,6468,12,22,2.321928094887362,2.69,10.29,5,1,36,sex
lm,14825,31,102,1.0,2.91,65.95,2,1,31,sex
avcar,7881,29,33,1.9219280948873623,1.0,24.56,5,0,51,sex
yesj,16371,43,117,10,3.0,75.72,4,0,69,scam
Android_OneApp_v2.2.9_b11_Release_202307211314__sign,12879,32,88,4.323023316113392,2.29,30.52,52,1,66,sex
6160069,13086,17,20,1.8423709931771084,2.01,17.96,7,1,67,sex
sdmmm0001,7872,12,27,2.113283334294875,2.72,11.73,9,1,39,sex
1.4.42_s149085_c0_v2,27228,53,63,3.446439344671015,1.442,49.72,20,1,211,black
gopay,6988,31,27,2.321928094887362,2.71,14.83,5,1,13,black
leisi_master,7365,11,48,3.0849625007211556,8.06,24.34,12,0,25,sex
sghjkv8trha,7172,22,48,3.277613436819116,4.0,20.27,11,1,20,gamble
caomeiyinghe13,3621,18,13,3.52164063634332,1.8,5.43,14,1,17,sex
59,34,12,15,10,2.061,11.8,2,0,0,black
wbmmacu25_105,1413,4,8,3.3927474104487847,1.01,1.91,13,1,4,sex
hls,15,15,70,1.584962500721156,1.43,28.99,3,1,0,black
TJGC_20231114_1.0.3,27,34,71,3.300559092390954,1.03,54.21,19,1,0,white
fengchi11034,27,25,30,3.4182958340544896,2.89,24.2,12,1,0,white
2fb31579f356653af8f5eadc83734e47,10025,39,17,3.6761085007312415,1.18,14.55,32,1,64,sex
ÂÜú‰∫ãÁõ¥ÈÄö,18922,29,61,2.0,1.193,64.2,4,1,84,white
xingzhe,25240,85,185,2.807354922057604,8.2812,99.07,7,1,228,white
LC-SM,34,25,28,2.321928094887362,24.0314,37.69,5,1,0,scam
o64xtmo86hk2k6mhvt,7172,22,48,3.350209029099897,4.0,20.28,18,1,20,gamble
mmlu,4180,11,17,1.5,1.36,17.04,4,1,53,sex
mv_xiaolanshipin,9940,13,17,3.452819531114783,2.2,13.15,16,1,46,white
yqz178,10997,52,64,2.584962500721156,7.112,20.35,6,1,33,scam
Â∑®ÊòüÁßëÊäÄ,14328,57,91,10,2.3068,38.95,4,0,72,scam
1240647,13086,17,20,2.5216406363433186,2.01,17.95,7,1,67,black
ysh,2953,5,55,1.584962500721156,1.0,35.09,3,1,4,sex
‰∏úÊñπÊú∫ÊûÑ,7750,25,57,10,1.09,45.77,4,0,52,scam
SonyHires-backoffice-3.6.91698827043429,17786,46,35,4.548097411114467,3.69,63.24,39,1,77,white
ZqERp,8629,33,28,2.321928094887362,1.0,15.55,5,0,52,black
weixing4.9_v4.9_downyi.com,5729,43,147,3.8731406795131327,5.02,22.67,26,1,10,white
ÂõΩÂÆ∂ÂÖΩËçØÁªºÂêàÊü•ËØ¢V3.1.8,3592,9,36,3.6644977792004623,3.18,8.59,14,1,21,white
1420a3a19c763c363449a5c037bf8534,3621,18,13,3.5931390622295662,1.8,5.43,32,1,17,sex
mtsq_41549,6132,15,26,3.121928094887362,2.71,5.0,10,1,11,white
zjsoft0005,7818,12,26,2.8464393446710154,2.705,10.83,10,1,39,sex
403,34,12,14,10,10.312152,11.96,3,0,0,sex
GB27602014cxxt_v1.0.0_downyi.com,5590,14,14,4.226409765557392,1.0,6.7,32,1,17,black
com.huaxiaozhu.rider_1.8.6,3153,34,88,3.931208948910322,1.86,72.87,26,1,1,black
safeapp,10021,33,39,2.2359263506290326,1.047,27.99,7,1,67,white
chuanshu-android-latest,14638,33,95,3.708132064658602,1.5104013,30.26,23,1,28,black
jiafeimao_v1.8.4.1-release-2022_07_29-17-21_sign,7584,43,48,4.254247855285174,1.841,29.65,48,1,36,white
mv_xingfubao,9940,13,17,3.584962500721156,2.2,13.16,12,1,46,white
kisssub_app,1410,11,7,2.8453509366224368,2e-06,7.48,11,1,5,sex
KFC_Brand,105,35,133,10,6.52,57.05,9,0,4,white
wtszb,3566,11,27,2.321928094887362,1.0,48.56,5,1,3,scam
6e844578cd3ec2f9199371178e368f76,16476,34,40,3.569548827786958,3.07,16.58,32,1,141,black
base62,9792,30,41,2.584962500721156,23.1208,30.1,6,1,56,scam
mv_luolishe,9940,13,17,3.277613436819116,2.2,13.37,11,1,46,white
hksc,7553,20,39,2.0,4.0,26.49,4,0,51,white
mwmr102,5652,14,59,2.5216406363433186,2.7,41.86,7,1,17,black
202310131207209615,6906,24,34,2.725480556997868,1.08,17.82,18,1,51,black
2857380,38,50,101,2.5216406363433186,1.2,87.89,7,1,2,black
efb962c453184bfe8acf03525c272ec3,13192,26,46,3.7181390622295662,7.30009,33.86,32,1,56,scam
chugefang_v2.2.5,85,42,106,3.625,2.25,85.24,16,1,1,black
4c9e828a02f14348488bdf81c5932f86,26339,32,69,3.588710641914682,7.1607166031,25.68,32,1,107,black
yfwz,2868,47,52,2.0,1.9,5.14,4,0,25,scam
vcb6xg8n613,7172,22,48,3.277613436819116,4.0,20.26,11,1,20,gamble
61918,6468,12,22,1.9219280948873623,2.69,10.26,5,1,36,sex
app_v3.0.1,10798,22,23,2.9219280948873623,3.01,29.17,10,1,12,sex
8,34,12,15,10,2.061,11.8,1,0,0,black
whzq,9757,25,47,2.0,24.032,68.3,4,1,53,scam
2c,4428,8,29,1.0,3.5,9.49,2,1,13,sex
wns,2843,10,13,1.584962500721156,1.0,12.85,3,1,4,gamble
68lsh4t6hwylfitk0p,7172,22,48,3.7254805569978675,4.0,20.28,18,1,20,gamble
eggplant_release_2023_07_19_16-48_v2.9.5.0_230712_jiagu_luodiye,12312,28,97,10,2.95,22.13,63,0,78,gamble
kb-daoqi012cpa,5066,14,26,3.6644977792004623,2.1,11.82,14,1,21,white
BPI,7942,23,51,10,1.31,38.71,3,0,52,scam
62040,6468,12,22,1.9219280948873623,2.69,10.27,5,1,36,sex
wallpaperad913_17043,6766,14,65,3.6841837197791887,2.215,91.35,20,0,13,white
Lutwo.ver307,77,22,20,3.584962500721156,3.07,16.14,12,1,0,sex
1.0.2,34,29,50,1.9219280948873623,1.02,69.04,5,1,0,scam
09240a70047a97b73237b8afea507934,18752,66,81,3.3317475629608078,3.5,81.78,32,0,126,black
91soyo,9256,32,32,2.251629167387823,1.15,19.63,6,0,55,white
zw.ytwd.hnuw,4985,8,56,3.0220552088742,1.0,18.49,12,0,12,scam
yxwpjsq0006,12026,18,20,3.027169118440619,30.2,12.27,11,1,103,black
56f70de5e3bc8ac4890af8e75968c36f,12965,71,246,3.694548827786958,10.1,81.19,32,1,152,black
712020,13086,17,20,1.9182958340544896,2.01,17.95,6,1,67,black
com.eBXNPIxih.FaXPakTtiQAkj,14328,57,77,10,6.7488,42.78,27,0,72,scam
xhds,27,13,18,2.0,1.029,14.25,4,1,0,white
55f8bf5503e6f13829569f38d7298de6,10272,66,228,3.5039280318460246,10.23,68.62,32,1,161,black
wwl,7879,35,99,0.9182958340544896,1.16,30.75,3,0,23,sex
renwoxing_downyi.com,7327,33,63,3.6464393446710153,2.04,20.1,20,1,42,white
PDA_RUINENG_PRO_3.0.42_202311140910389519959,6696,33,34,4.079225801519103,3.042,19.35,44,0,51,white
youxin,77,72,236,2.584962500721156,2.211,94.81,6,1,0,white
mv_qiezishipin,9940,13,17,3.2359263506290334,2.2,13.17,14,1,46,white
BK-USER,12738,39,74,2.807354922057604,8.1,65.36,7,1,39,black
ear98gr6,7172,22,48,2.75,4.0,20.26,8,1,20,gamble
713011,13086,17,20,1.7924812503605778,2.01,17.98,6,1,67,black
new_deppon_pma,74,61,51,3.039148671903071,0.1161,33.86,14,1,0,white
‚ùÄÍóº‚ùÄ,14990,72,88,10,1.0,70.04,3,0,287,scam
„Åä„Åã„Åä,0,0,0,10,0,70.54,3,0,0,scam
4d73ea74daabff284a5ecc0030090104,3621,18,13,3.640319531114783,1.8,5.43,32,1,17,sex
reop4013,5685,22,60,3.0,6.2,23.15,8,1,6,gamble
android_925081710147003,2757,2,5,3.7950885863977324,1.02,1.3,23,1,5,gamble
mv_91taoseshipin,9940,13,17,3.75,2.2,13.15,16,1,46,sex
magazine1.1.0,9126,26,40,3.238901256602631,1.1,26.96,13,1,51,white
ÂçéÊú¥Ëæ∞Êµ∑,34,25,29,2.0,24.0314,42.49,4,1,0,scam
86-yl.cll.im.nenif,10714,37,90,3.419381945646371,7.28,20.64,18,0,17,scam
hui.member,3445,11,40,2.9219280948873623,1.4,24.01,10,0,5,white
qysq1.5.0_154_11-03-20-13,23,15,75,3.3990795706241745,1.5,29.3,25,1,0,sex
34943,6468,12,22,1.5219280948873621,2.69,10.24,5,1,36,black
hm_gspace_release,14898,182,33,3.2639334294856344,2.26,15.27,17,1,45,white
nucoaix.ucsoexwqly.npdpnpd,17275,64,132,3.8731406795131322,2.7,68.01,26,0,284,scam
jzdbz_v1.2.13_downyi.com,4574,7,88,3.9701755214643453,1.213,85.51,24,1,27,white
qianxun,260,29,58,2.521640636343318,1.08,41.18,7,1,1,white
SAiNjKl-147YP,15,14,58,3.7004397181410926,4.7,30.54,13,1,0,sex
huoying1060755,3105,21,3,3.521640636343319,2.1,4.86,14,1,7,black
61924,6468,12,23,2.321928094887362,2.69,10.26,5,1,36,sex
712052,13086,17,20,2.2516291673878226,2.01,17.95,6,1,67,sex
mv_hanxiucaoshipin,9940,13,17,3.5724312513221195,2.2,13.15,18,1,46,white
hybook,38,23,24,2.251629167387823,1.17,11.83,6,1,2,white
ÁßÅ‰ø°,27,69,68,1.0,5.14,31.27,2,1,0,sex
3,34,12,14,10,8.3272,11.93,1,0,0,black
SmartCharge-release-v1.20.6-20231009_1206_jiagu_signed,27,35,78,4.440189012169191,1.206,24.53,54,1,0,white
yxdmjsq0004,12026,18,20,3.027169118440619,30.2,12.27,11,1,103,black
ls,14235,59,39,1.0,1.24,15.96,2,1,68,white
34-zc3376app-release,3715,4,5,3.5464393446710147,1.0,2.12,20,1,6,black
1669079100761592,9940,13,17,2.686278124459133,2.2,13.16,16,1,46,sex
jjwt,11254,35,59,1.5,2.1,93.85,4,0,60,white
com.wvagpe.xhrhoppe,14328,57,92,10,0.184,39.94,19,0,72,scam
vcl1000001,34,36,52,1.9609640474436811,2.584,28.48,10,1,0,sex
630021,13086,17,20,2.2516291673878226,2.01,17.95,6,1,67,black
MH_C_1.5.1_151_2023.11.07,13586,14,29,3.1434651896016472,1.51,12.17,25,1,34,sex
com.ggle.android.gsf_13_33,3599,77,46,3.921029621737614,13.0,6.95,26,1,14,black
dzb_32,6875,15,36,2.584962500721156,1.32,46.64,6,1,60,black
PFGEX,5833,32,106,2.321928094887362,1.0,11.51,5,0,48,scam
tenwin,6730,22,66,2.2516291673878226,0.176,49.55,6,1,33,white
com.huaxiaozhu.rider_123767,18161,38,84,4.162294909570877,1.4,51.73,27,1,143,black
ybdw_v1,12731,35,35,2.807354922057604,1.7,17.62,7,1,28,white
hua,14990,72,88,10,1.0,68.83,3,0,287,scam
bytl1806,21866,47,71,3.0,18.06,70.92,8,1,69,white
sdmmm0015,7872,12,27,2.4193819456463714,2.72,11.74,9,1,39,sex
26edec3c8b83b984204267e96ae022e1,34,17,3,3.6022170014624826,1.3,3.99,32,1,2,black
ZTON,15358,73,91,10,1.14,77.33,4,0,296,scam
malata,6264,16,145,1.7924812503605778,3.5,34.96,6,1,38,white
1.4.42_s115140_c0_v2,27228,53,63,3.1464393446710153,1.442,49.72,20,1,211,black
c2cf36b672d0c115c102e1196645d27d,4107,15,16,3.551108500731241,3.13,3.83,32,1,59,black
mdmjgfb_,39872,63,288,2.75,8.1911,98.96,8,1,647,white
oneMallSystem6-v1.0.3,6693,25,30,4.106603137064474,1.03,17.95,21,0,51,white
6xvkq8lkwcrtlpxuhb,7172,22,48,3.8365916681089787,4.0,20.28,18,1,20,gamble
dysq-1.1.0-6-20230726050334687,4998,11,25,3.6859175795054955,1.1,29.12,30,0,6,sex
5jikl78gh98t,7172,22,48,3.4182958340544896,4.0,20.27,12,1,20,gamble
com.huaxiaozhu.driver_123768,16673,40,93,4.307354922057604,1.4,80.51,28,1,94,black
hutaodzslm,14403,24,21,3.321928094887362,1.1,28.16,10,1,151,white
ùñû‡øèùñû,15358,73,92,10,1.14,87.31,3,0,296,scam
20231025064023232,7488,48,59,2.424835634986198,1.03,24.41,17,1,241,black
ydm_33,6875,15,36,2.2516291673878226,1.33,46.64,6,1,60,white
9177,3184,15,103,1.5,1.001,69.04,4,1,11,gamble
16_base,105,13,34,10,1.023,46.02,7,0,4,black
mengdui-v2.1.8-2-20230520024016527_nbhome1,7576,26,35,4.18348647198907,2.18,24.96,42,1,50,sex
gsedj_v1.0_downyi.com,3933,15,34,4.011365041826379,1.0,19.59,21,0,20,black
national_postman_1.5.0,34,34,98,3.6635327548042533,1.5,68.18,22,1,0,white
1e7f92e2ad04294293760d2aba20bbc3,3621,18,13,3.6084585933443494,1.8,5.43,32,1,17,sex
dxjgb2,2374,11,33,2.584962500721156,8.161,10.38,6,1,4,scam
ivms4500hd_v4.1.5_downyi.com,6270,25,44,3.9946803684089085,4.15,16.5,28,1,40,black
1.4.42_v2,27228,53,63,2.5032583347756456,1.442,49.72,9,1,211,black
xjyy_3.3.0.5_dangbei,4852,32,22,3.7841837197791888,3.305,5.47,20,1,5,white
712018,13086,17,20,2.2516291673878226,2.01,17.98,6,1,67,black
202311101159118_Â§©Ê∂Ø11-10,15518,32,60,2.785554632098879,2.201,47.05,23,1,88,black
com.apkpure.aegon,10679,40,15,3.4992275471326932,3.1968,9.56,17,1,27,scam
‰∏úÊñπÂØÜ‰ø°,11140,28,47,2.0,3.11,35.96,4,0,130,scam
jdong_tlljg22,3741,14,21,3.085055102756477,2.6,16.26,13,1,7,sex
zc,2843,7,26,1.0,1.0,4.29,2,0,4,gamble
shyy,11151,17,45,1.5,4.16,23.48,4,1,85,sex
mv_caomeishipin,9940,13,17,3.456564762130954,2.2,13.16,15,1,46,white
douyin_tdy3975_5.2.1,15445,26,125,3.821928094887362,5.21,36.65,20,1,27,sex
sy,10761,46,173,10,4.73,35.58,2,0,31,scam
hxsyjsbbgrjxz1049970,6905,17,43,3.721928094887362,1.03,26.89,20,0,51,white
64587,6468,12,22,2.321928094887362,2.69,10.24,5,1,36,sex
0bbc35dbd93c7f243ddd714062c45c19,33,11,6,3.566428031846024,3.5,6.78,32,1,0,black
MH_A_1.5.1_151_2023.11.07,13586,14,29,3.1434651896016472,1.51,12.17,25,1,34,sex
2801835,16566,49,100,2.5216406363433186,1.38,71.01,7,1,158,black
www,2665,6,7,-0.0,1.1,4.1,3,1,3,black
laowang,7881,29,32,2.5216406363433186,1.1,24.54,7,1,51,sex
jmqsbjmnq,5688,4,35,2.5032583347756456,0,21.7,9,1,6,white
yxdmjsq0008,12026,18,20,3.027169118440619,30.2,12.27,11,1,103,black
mv_1024shipin,9940,13,17,3.546593564294939,2.2,13.15,13,1,46,white
5f9028a4aff659a277ad1d002b3f7f6c,3621,18,13,3.691428031846024,1.8,5.43,32,1,17,sex
jtyudi-90008,1790,13,101,3.188721875540867,2.01,98.01,12,1,3,white
Qu_8.3.0009,13195,26,68,2.8453509366224368,8.30009,26.45,11,1,56,white
1745d46911fc0a77d6d3befe4d7926cf,110,43,101,3.7181390622295662,9.3118,90.8,32,1,0,scam
shuzirmb,16048,74,91,3.0,1.011,74.43,8,1,147,scam
20231024-234328,3985,23,27,2.5492553971685,4.31,36.68,15,1,7,sex
92ab024173eb7cd90383af987bcc0793,21848,51,91,3.6167292966721747,8.8,42.31,32,1,163,black
lehuo-H10151,30041,62,218,3.188721875540867,4.1399,55.93,12,1,416,white
sdmmm0039,7872,12,27,2.4193819456463714,2.72,11.73,9,1,39,sex
V8,3338,11,63,1.0,0.001,42.83,2,1,12,gamble
qingyou,9166,31,85,2.807354922057604,1.31,75.5,7,1,32,sex
meSurveillance_universal_v4_1692175572675.0.12.1063_release,13581,56,221,4.328565346451485,4.0121063,99.65,59,1,38,white
app,1625,2,7,10,1.05,5.54,3,0,10,scam
626004,13086,17,20,1.9182958340544893,2.01,17.94,6,1,67,black
xinhuolang_v1.0.0_downyi.com,64,17,50,4.0836169753972325,1.0,55.54,28,1,2,sex
sdjsq_58419,9729,29,36,3.2776134368191165,1.31,17.39,11,1,30,black
Âô´Ë¥ùÊòì,6790,37,14,1.584962500721156,1.0,6.04,3,1,12,white
app-22102401,6285,24,11,2.688721875540867,1.05322102401,5.93,12,1,10,white
c8a92555ecac4548b003afc1197b4cb7,13195,26,68,3.6289280318460246,8.3001,26.45,32,1,56,scam
1698977269882,5452,27,15,2.5073801024236357,2.3106,7.38,13,1,22,black
mv_shuiguopai,9940,13,17,3.3927474104487847,2.2,13.16,13,1,46,white
sxzsjb123456,14604,34,82,3.418295834054489,2.02,55.22,12,1,72,white
aqdlt_android_0828,2573,3,9,3.572431251322119,1.2,3.7,18,1,7,sex
com.huluxia.gametools42185,15600,37,159,4.132944044980958,4.2185,34.96,26,1,29,black
Ê≤ÉÂçöËÅî,14328,57,90,10,4.474,39.19,3,0,72,scam
stt866384,83,51,365,10,15.4,92.06,9,0,4,sex
base,14992,72,88,10,1.0,67.44,4,0,287,scam
inspectweigh2.0-1.0.3.1-online_1031_jiagu_sign,27,23,23,4.205536075989824,1.031,17.71,46,1,0,white
xlcs_2010,6456,13,18,2.9477027792200903,1.0,62.24,9,1,15,white
04fef0b5fcb9c8cc3365bf6f29bd02d1,9907,26,114,3.6136085007312415,2.27,95.5,32,1,59,scam
hxpptbby_qra48,23,15,76,3.521640636343319,1.12,25.77,14,1,0,sex
dytt_tdytt051x_1.1.0,10173,21,70,3.0037016960573486,1.1,11.68,20,1,10,black
zjbwdl23zs,11637,22,43,3.121928094887362,4.1,47.26,10,1,126,white
ukfezxffa,79,13,9,10,1.0,17.92,9,0,1,white
GoldElephant,42,25,54,3.418295834054489,3.734,31.05,12,0,1,scam
yy,7709,29,47,-0.0,1.3,36.59,2,0,50,white
gah527_web,4145,6,3,3.321928094887362,1.0,3.08,10,1,10,gamble
oneMallSystem9-v1.0.3,6693,25,31,4.106603137064474,1.03,17.88,21,0,51,white
wKgBiGVR5NOAGEhKAljowOIKhFA316,16414,40,94,4.32323142879762,1.65,37.56,30,1,80,white
zxdy,6925,37,15,2.0,1.0,6.95,4,1,11,white
com.wahua.yangyang,1285,15,157,3.2810361125534233,2.0,75.89,18,1,7,gamble
1310400004,6199,24,35,1.7609640474436812,1.01,40.54,10,1,17,gamble
feiyue30023,7864,15,31,2.9139770731827523,2.63,32.4,11,1,32,white
lianxing,8434,33,72,2.5,1.06,28.78,8,0,57,black
base9,1494,7,13,2.321928094887362,1.0,5.43,5,0,3,scam
49shipin_1015,8439,20,31,3.3927474104487847,6.666,20.88,13,1,79,sex
MGK_1.1.0.1_Launcher,1071,10,4,3.7464393446710154,1.101,0.46,20,1,4,white
‰∫ëÊúçÂä°,7407,38,35,1.584962500721156,8.09,30.69,3,0,51,scam
hlj_0708,1739,13,19,2.75,1.0,14.12,8,1,2,sex
com.rlsas.rlsas,9792,30,38,2.8402239289418523,24.0104,29.92,15,1,56,scam
install,4666,15,22,2.521640636343318,2.21,25.76,7,1,6,scam
12-hc465app-release,3715,4,5,3.6818808028034025,1.0,2.14,19,1,6,gamble
bible,11911,10,45,1.9219280948873623,3.35,28.13,5,1,26,black
ymxxl-90010,1790,13,102,2.8453509366224368,2.01,92.36,11,1,3,white
dyy,15358,73,91,10,1.14,77.33,3,0,296,scam
ywjx,8605,20,62,2.0,1.38,47.56,4,1,108,white
2947767deeede2ed0975fbb40607234c,4768,36,504,3.4925365325772657,1.1,142.53,32,1,18,gamble
GoogleServicesFramework,1210,66,4,3.7622673906514947,4.22612687,1.53,23,1,7,black
bl,4974,13,6,1.0,1.0,18.52,2,1,11,scam
Fast_qd13,27,15,38,3.169925001442312,5.15,24.65,9,1,0,white
·Ñé·Ö•·Ü´·ÑÄ·ÖÆ·Ü®,15235,72,83,2.584962500721156,1.0,77.84,6,0,294,scam
ÂÖ¨ÂÆâÊ£ÄÂØüÁ≥ªÁªü,4094,32,17,10,48.558913,8.82,6,0,51,scam
e10c56c391a1ecf23ba1f56ae974265d,416,13,2,3.757048827786958,5.31,0.09,32,0,1,black
5,34,12,14,10,1.0,11.91,1,0,0,sex
okpay,8494,37,14,2.321928094887362,2.01,16.41,5,1,32,white
IG,14992,72,217,10,1.0,78.37,2,0,287,scam
4ed1dd2e80f254a166241426d371563f,2529,11,13,3.5,2.02,55.05,32,1,7,scam
Unistep_net,10466,45,34,2.9139770731827523,1.89,26.73,11,1,31,white
mv_huoyanshipin,9940,13,17,3.506890595608519,2.2,13.16,15,1,46,white
hxl0015,8828,53,76,2.521640636343318,1.13,38.3,7,1,50,sex
dx_6001,15518,20,26,2.521640636343318,1.44,29.29,7,1,71,black
shlsys0050,7868,12,27,2.3709505944546687,2.719,11.67,10,1,39,sex
„Éü„Éü,10761,46,171,10,4.73,34.02,2,0,31,scam
MH_E_1.5.1_151_2023.11.07,13586,14,29,3.1434651896016472,1.51,12.17,25,1,34,sex
14-hc473app-release,3715,4,5,3.5766176449086657,1.0,2.14,19,1,6,gamble
ÁõäÊ∞ëÂçèÂäû,14994,72,89,10,1.0,72.88,4,0,287,scam
P16_com.bawohuilaile.cn_v1511_202307010058,6564,31,69,4.345313412039782,1.511,41.49,42,1,14,gamble
cilicili_v3.4.7_1684734688,13244,29,64,10,3.47,26.22,26,0,123,sex
9a5465599b8140cfb0c2dd72db4c8455,27,83,73,3.6053377974034158,3.002,60.74,32,0,0,black
com.azure.authenticator_v6.2112.8250_downyi.com,14747,31,50,4.392265649909751,6.2112825,60.69,47,1,198,black
com.vtufjr.nbdswrej,6128,19,48,10,1.0,8.33,19,0,20,scam
jz,15052,65,133,1.0,1.8,69.89,2,0,291,scam
ykh,23,11,27,1.584962500721156,1.0,44.16,3,0,0,scam
yx,10761,46,161,10,4.73,34.76,2,0,31,scam
XxMmYaWH,14479,67,122,3.0,2.7,49.45,8,0,277,scam
jiasu_xuanfeng,13025,14,15,3.378783493486176,2.6,19.2,14,1,85,white
0f9dbc9a785e132b8fd5f832098e65b6,34,11,5,3.7806390622295662,5.5,4.27,32,1,2,black
mv_jiuye,9940,13,17,3.0,2.2,13.16,8,1,46,sex
tpSurveillance_universal_v4_1695204371722.15.10.1132_release,13936,56,125,4.372905595320056,4.15101132,82.51,60,1,51,white
JMComic212.20,9865,9,90,3.334679141051595,1.64,37.08,13,1,36,sex
hjll1.5.0_150_10-28-12-20,15,15,73,3.3034651896016474,1.5,30.09,25,1,0,sex
yxwpjsq0298,12026,18,20,3.459431618637298,30.2,12.26,11,1,103,black
ddttmh0002,7818,12,26,2.4464393446710155,2.705,10.87,10,1,39,sex
jwt,8574,34,56,1.584962500721156,1.08,43.13,3,1,53,white
lets-579,6,42,34,3.0,2.1824,50.12,8,0,0,white
gsh,19017,38,151,1.584962500721156,3.07,46.17,3,0,211,white
Lakala_Android,110,43,101,3.3248629576173574,9.3118,90.8,14,1,0,scam
qooapp,16687,27,38,1.9182958340544896,8.19,20.43,6,1,52,white
bili240313_bili_240307_4.0.2+29,3856,13,44,3.5263039714678293,4.02,39.06,31,1,6,sex
com.eizg.nwtq,2374,11,34,3.5465935642949384,8.161,10.44,13,1,4,scam
hhdb7006,6457,13,16,2.5,1.0,62.83,8,1,15,gamble
210,34,12,14,10,8.3272,11.96,3,0,0,black
bgjdrzcxxt,9758,189,19,3.1219280948873624,14.701,40.75,10,1,36,black
zxzt,2374,11,33,1.5,8.161,10.76,4,1,4,scam
19b397ddacd8c994db041046b10e9d80,11224,35,24,3.453626767019874,1.322,43.56,32,1,21,scam
323be0dc0cf448307e829ad7df156469,3621,18,13,3.9056390622295662,1.8,5.43,32,1,17,sex
com.zshuall.fread_2a6d05ce,19831,33,61,4.132944044980958,1.08,25.1,26,1,203,black
1699844733046,6746,35,69,2.8731406795131336,4.1016,16.54,13,1,35,black
sjxqd,7749,23,48,10,10.01,23.82,5,0,52,scam
home,11387,29,14,2.0,1.8117,8.48,4,1,44,white
37aa0879ec32ef974df36a93afe92184,1944,19,5,3.6167292966721747,1.5,0.79,32,1,14,sex
gyt_1.4.4_20231024,27,30,36,3.197159723424149,1.44,27.63,18,1,0,white
nanolite1.1.10,14936,31,78,3.1820058147602133,1.11,59.67,14,1,84,white
vkdui834gkjdkd,7172,22,48,3.128085278891395,4.0,20.27,14,1,20,gamble
29e9bbb51a5b115132177d30f42c7cc5,3621,18,13,3.5664280318460246,1.8,5.43,32,1,17,sex
com.flmhf.flmhf,9792,30,44,2.6565647621309543,240102.0,67.76,15,1,56,scam
51luoli_0801,11168,13,30,3.084962500721156,3.3,16.93,12,1,41,sex
HCZT,4974,13,11,2.0,1.0,18.74,4,1,11,scam
1681732829017,155,12,11,2.873140679513133,4.7,14.47,13,1,0,black
Eclipse,7571,26,59,10,1.17,47.22,7,0,50,scam
whzq2,6658,24,47,2.321928094887362,24.0328,62.48,5,1,51,scam
base11,5988,23,38,2.2516291673878226,5.14,17.93,6,1,31,scam
mmxxl-90008,1790,13,68,2.663532754804255,2.01,83.52,11,1,3,white
zhongshengzhilu1081670,6824,16,29,3.7887549139935026,2.13,54.75,22,1,25,white
com.app.secufex,1350,8,3,3.373557262275185,4.0,1.94,15,1,1,scam
EoJTsSmkBgGLxVkjiZ5ZhvP9JzjFflvQ,14328,57,176,10,3.3847,45.97,32,0,72,scam
ÂçéË•øÁªàÁ´Ø,7732,25,56,2.0,1.08,45.33,4,1,52,scam
app-release,27,38,106,2.663532754804255,1.367,51.96,11,1,0,white
book0617,12143,26,93,2.75,2.54,48.1,8,0,78,sex
tt214811.5920,357,4,5,3.0269868333592873,2.83,0.9,13,1,3,sex
ctzq,9784,9,191,10,1.0,36.52,4,0,26,scam
Light_qd12,27,14,32,3.321928094887362,2.15,25.65,10,1,0,white
banana_v3.4.4_1666671540_xjjhy_1,7879,35,99,3.8667292966721747,1.17,30.75,32,0,23,sex
7539a28f18fb54af5ab62b824faf639d989878a471213aa2e2d02229363cfa8c,3275,17,56,3.7587626494755413,27.34,79.25,64,1,3,black
com.android.vending_82831810,15708,116,40,4.012188403968661,28.3182104140682,46.41,28,1,12,black
570988a25bfa0fe114d66ebd906e363e,4,25,73,10,5.02,39.86,32,0,0,sex
89hrhwi2xgtdndx4e7,7172,22,48,3.8365916681089787,4.0,20.28,18,1,20,black
j856030wax,7172,22,48,3.121928094887362,4.0,20.27,10,1,20,gamble
kaoshizuobishaonvdejiaoyufangfa,17,54,180,3.8456631498513816,2.0311,66.97,31,1,0,white
mv_douyinduanshipin,9940,13,17,3.5368867237421666,2.2,13.16,19,1,46,sex
labstillalive21077708,29357,182,135,3.499227541723357,3.87,54.29,21,1,244,black
com.byucbxa.cnjknsq,8925,8,96,10,1.0,36.53,19,0,25,scam
mtsp,17,4,7,10,1.0,3.97,4,0,0,sex
sfczhushou_v1027,11867,45,45,3.625,1.027,36.05,16,1,70,white
‰∏áÁ¶æ,14993,72,119,10,1.0,71.07,2,0,288,scam
ezpay-v2.0.29,9421,26,58,3.392747410448785,2.0,64.48,13,1,22,black
app-dsgnb78-release,8958,21,27,3.576617644908665,1.173912,31.96,19,1,14,gamble
1d6gxb13dg5b,7172,22,48,2.918295834054489,4.0,20.26,12,1,20,gamble
x6gn13g51b,7172,22,48,2.9219280948873623,4.0,20.26,10,1,20,gamble
zz,12431,24,49,-0.0,1.841,42.24,2,1,127,black
4991940339434900,6814,11,13,10,1.0,5.85,16,0,14,scam
base12,14992,72,89,10,1.0,71.44,6,0,287,scam
scxcm,8222,29,88,1.9219280948873623,203.0,67.1,5,0,56,gamble
zhwdzjswxyg,3386,12,20,3.0957952550009344,1.2,75.07,11,1,14,white
zdxbs_gps,8867,24,56,2.94770277922009,1.094,46.48,9,1,16,white
qqww,4211,2,9,1.0,1.0,3.39,4,1,6,black
xtk_110817_AdSet_release_106_jiagu_sign,28,37,80,4.169766962341045,1.06,53.29,39,1,0,white
mercury_v2_1681385058241.1.8_2023-03-17_release,3479,18,85,4.195561128679186,2.18,19.46,47,1,4,white
zjsoft0275,7818,12,26,3.321928094887362,2.705,11.02,10,1,39,sex
516992,12470,52,63,2.251629167387823,2.1,53.77,6,1,58,sex
523703,7053,7,6,2.2516291673878226,3.2,7.96,6,0,31,black
cpl_dk1002_1.0.2_Online_10007_20240314,4625,17,151,3.6792527641163,1.02,244.29,38,1,9,gamble
PHSuperAPP,105,36,131,10,6.2,64.1,10,0,4,white
joi_230727_7.8.0_45808,76,22,87,3.4130884364257574,7.8,49.14,22,1,0,black
LG,855,3,12,1.0,1.32,8.09,2,0,1,scam
815020,13086,17,20,2.251629167387823,2.01,17.95,6,1,67,black
Ê∞ëÁîüÊú∫ÊûÑÈÄö[,7750,17,53,10,10.01,24.08,6,0,52,scam
sczq,7750,25,40,2.0,8.29,20.8,4,0,52,scam
POP,8054,53,136,0.9182958340544896,1.68,43.05,3,1,101,scam
mysp_myhlw11_1.1,12028,21,78,3.125,1.1,29.5,16,1,36,sex
renwoxingpjb_v5.1.2.0_downyi.com,61,188,35,4.265319531114783,0,7.19,32,1,2,white
android_385531710409242,2757,2,5,3.9148663038831013,1.02,1.31,23,1,5,gamble
ÂèçËØàË∞ÉËØÅ-4.1.0,4788,20,17,3.1219280948873624,4.1,4.95,10,1,27,scam
mec_2.3.43,7910,36,520,2.9219280948873623,2.343,54.16,10,1,54,white
gbedegpna,106,13,9,10,1.0,17.92,9,0,1,sex
huoguo_1.0.2,17722,18,113,3.084962500721156,1.02,89.18,12,1,126,white
site_extractor_2.24.106_noarch_Job-582671,254,5,3,4.4058556629435985,2.24106,0.39,41,1,1,black
mv_dounaishipin,9940,13,17,3.4565647621309536,2.2,13.15,15,1,46,white
SDK,1175,4,5,1.584962500721156,3.0,0.63,3,1,4,black
15060298,8237,24,41,2.75,1.033,49.95,8,1,81,gamble
ypcy,11254,35,56,1.5,2.1,32.5,4,0,60,white
488,7038,181,9,0.9182958340544896,2.03,4.54,3,1,27,sex
‰∏áÊüèÂêàÂäû,14996,72,79,10,1.0,68.96,4,0,287,scam
SAiNjKl_qra48,15,14,58,3.7004397181410926,4.7,30.54,13,1,0,sex
huoshanshiwan,12502,35,116,2.873140679513133,1.11,43.09,13,1,154,scam
base10,14478,67,99,10,2.7,54.06,6,0,277,scam
91video261-230614,4070,19,29,3.572469458770136,2.61,41.33,17,1,8,sex
shiwenys0022,7862,12,27,3.084962500721156,2.718,11.66,12,1,39,sex
bv,10447,36,91,1.0,3.32,28.3,2,1,53,gamble
hbabhecb.dfiacfcc.ebjeeded,7380,9,10,3.147957872887235,1.0,7.35,26,0,10,scam
haoflyApp,6614,37,92,2.9477027792200903,1.56,18.09,9,0,49,black
hymn,9819,11,35,2.0,5.21,22.49,4,1,26,white
wbmmacu26_105,1413,4,8,3.5465935642949384,1.01,1.91,13,1,4,sex
com.ggle.android.gsf_12_31,3695,72,46,4.026986833359286,12.7567768,7.05,26,1,14,black
Haixingtong,16288,38,112,2.913977073182752,2.1,82.05,11,1,86,white
xs02_suixin_1.0.3,7079,16,20,3.381580488309164,1.03,7.39,17,1,36,white
sdfsfds-MNNYP,15,14,66,2.873140679513133,1.57,27.13,13,1,0,sex
fanqiefang,3054,19,19,2.721928094887362,1.0,2.77,10,1,7,black
11b631c3ee98ec691f27b13dd003a1b1,7365,13,23,3.526210641914682,1.01006,12.97,32,1,9,scam
91kanpian_0927,10011,14,20,3.3787834934861767,8.1834026616,18.28,14,0,61,sex
shiwenys0044,7862,12,27,3.084962500721156,2.718,11.83,12,1,39,sex
53f8860bffa3b3f9370040bd10022bad,2757,2,5,3.515319531114783,1.02,1.31,32,1,5,gamble
Palipali,77,22,17,2.25,2.653457,13.94,8,1,0,sex
htehtc,7750,25,40,1.9182958340544893,8.29,19.81,6,0,52,scam
maomi_2_v1.0.3,3966,6,12,3.378783493486176,1.03,53.85,14,1,4,gamble
26530e8cee9d03860d84d2d305b58cdc,587,4,3,3.4178377974034158,1.0,0.33,32,1,5,black
1696917034831,11284,39,41,2.873140679513133,7.01040008,32.62,13,1,42,black
1.5.5,10552,35,93,1.5219280948873621,1.55,70.3,5,1,59,white
HTYX,6713,25,32,2.0,1.0,24.06,4,0,51,scam
honghuojia,4780,22,134,2.9219280948873623,1.0,12.86,10,1,12,black
2.2.1.3.3.4_collections,5054,10,31,3.584012370211935,2.21334,12.86,23,1,21,sex
ËÅîÂçöÁªèÂäû,14478,67,94,10,2.7,51.54,4,0,277,scam
wypy,36,32,48,1.5,1.0112,41.8,4,1,1,white
tzptqoyda,58,13,9,10,1.0,17.91,9,0,1,white
zhinengshenp,8301,31,50,2.8553885422075336,2.5,50.96,12,1,51,white
zlz_prod_v1.0.0_2020_1130_100_jiagu_sign_vivo,34,24,51,3.910491775024561,1.0,21.88,45,1,2,white
1.0.3,7725,29,51,1.9219280948873623,1.03,27.07,5,1,51,black
Light_qd13,27,14,32,3.321928094887362,2.15,25.65,10,1,0,white
app-release6.5.0.0,37,40,92,3.30827083453526,6.511,59.97,18,0,2,white
HLZQ,6713,25,33,2.0,1.0,24.09,4,0,51,scam
7JKXsuqe_qra48,15,15,70,3.6644977792004623,1.43,28.99,14,1,0,sex
·Ñá·Ö°·Ü∑·Ñé·Öµ·Ü´·ÑÄ·ÖÆ,10761,46,66,10,4.73,31.27,8,0,31,scam
Ê∏£ÊâìÊú∫ÊûÑÁâà,7750,25,39,10,1.09,22.09,5,0,52,scam
feiyue30036,7864,15,31,2.9139770731827523,2.62,31.96,11,1,32,white
Lakala_Android,110,43,101,3.3248629576173574,9.3118,90.8,14,1,0,white
maomi_1_v1.0.3,3966,6,12,3.2359263506290334,1.03,53.85,14,1,4,sex
sdApp,6693,25,22,1.9219280948873623,1.01,11.28,5,0,51,white
713035,13086,17,20,2.2516291673878226,2.01,17.96,6,1,67,white
cdj2j_qqq1,23,17,13,2.6464393446710157,1.17,24.78,10,1,0,sex
fengchi11033,27,25,30,3.251629167387823,2.89,24.2,12,1,0,white
tiangua0109,13086,17,21,3.095795255000934,2.01,17.96,11,1,67,white
release,7647,38,19,2.1280852788913944,1.26,17.62,7,1,7,white
wp-app-release,2968,9,19,2.8423709931771093,1.017,24.43,14,1,7,black
wmw5.1.8,6133,6,14,2.5,5.18,4.59,8,1,11,sex
musiverse,9977,17,38,2.725480556997868,1.2,24.34,9,1,34,white
kdpay1067668,8523,28,41,3.188721875540867,1.089,48.28,12,0,9,white
15gelin114,7505,28,40,2.8464393446710154,1.14,19.81,10,1,51,black
paiqiushaonian,9759,11,86,2.9852281360342516,1.32,31.54,14,1,16,black
KK_Android,111,77,94,2.9219280948873623,8.052,71.41,10,1,0,white
zqgmgwdhma9tx,7172,22,48,3.3927474104487847,4.0,20.26,13,1,20,gamble
huang3,8828,53,76,2.584962500721156,1.13,38.3,6,1,50,sex
51fulishev3.0.1,10798,22,23,3.640223928941852,3.01,26.54,15,1,12,sex
fkstSinger_3.7.1_202310201100,54,28,80,10,3.71,73.5,29,0,1,black
ce6d0ce684ed590604bcc09f615870e5,5009,17,26,3.488608500731241,6.12,11.64,32,1,60,scam
v.mp,1584,16,7,2.0,2.25,1.85,4,1,13,white
üîó,14991,72,87,10,1.02,75.01,1,0,287,scam
base6,4094,32,17,10,24.20925,8.82,5,0,51,scam
oneMallSystem1-v1.0.3,6693,25,33,4.011365041826379,1.03,17.89,21,0,51,white
manmanlu_1002,4268,11,25,3.085055102756477,9.9999999999999,28.89,13,1,53,sex
61909,6468,12,22,1.9219280948873623,2.69,10.26,5,1,36,sex
0,3924,5,44,-0.0,1.0,26.87,1,1,10,sex
fast_v2_1658903038509.1.1_2022-07-06_release,3479,18,50,4.118078209349709,2.11,19.96,44,1,4,black
wjycnnzcd_147566,13010,22,158,3.625,2.6,85.65,16,1,120,white
ompug5,7038,181,11,2.584962500721156,2.03,4.72,6,1,27,sex
7dy,6553,28,8,1.584962500721156,1.0,5.03,3,1,29,gamble
com.ggle.android.gsf_11_30,2700,71,46,4.026986833359286,11.0,6.1,26,1,11,black
Telegram,9454,61,213,2.75,9.65,21.47,8,1,118,white
dyyx,366,18,69,1.5,1.0,60.62,4,1,2,gamble
68zxv6f,7172,22,48,2.5216406363433186,4.0,20.26,7,1,20,gamble
61890,6468,12,23,2.321928094887362,2.69,10.25,5,1,36,sex
32-hc141app-release,3715,4,5,3.5766176449086653,1.0,2.12,19,1,6,black
4t1y0tu91ups5zlr9g,7172,22,48,3.7254805569978675,4.0,20.28,18,1,20,gamble
C_pfd001_baidurelease_V1.8.155_06_15_17_12,6825,23,16,4.072652614083033,1.815506151712,10.82,42,1,21,black
gxhfwxspa,16,13,9,10,1.0,17.89,9,0,0,sex
ü§ôü§ôü§ô,16968,64,115,10,2.7,69.51,3,0,284,scam
+++,15905,74,90,10,1.2,90.03,3,0,296,scam
jdshop,3617,14,60,2.584962500721156,19.22,3.27,6,1,6,scam
com.lzdtyoqo,4985,8,56,3.188721875540867,1.0,18.68,12,1,12,scam
tms-prod-1.0.36,8268,31,41,3.6402239289418516,1.016,24.8,15,1,33,white
1686210245942,3325,18,2,2.873140679513133,7.1015,1.55,13,1,10,black
shipping,27,30,62,2.5,1.75,45.17,8,1,0,white
yidaiyilu,3617,14,61,2.4193819456463714,1.0,4.13,9,1,6,white
1688969311784,3325,19,2,2.6612262562697895,7.1017,1.55,13,1,10,black
hls_1.4.3,15,15,70,2.94770277922009,1.43,28.99,9,1,0,black
com.lyudfbxm,5028,13,13,3.418295834054489,1.0,20.49,12,1,11,scam
16-hc496app-release,3715,4,5,3.5766176449086657,1.0,2.14,19,1,6,gamble
lieshaonvhechaonenglidashu,1393,4,6,3.5364142371222296,1.0,1.96,26,1,2,white
20230323172942220044,9662,44,24,2.463865121950854,5.5032113,10.8,20,1,42,black
fjmz,159,5,32,2.0,0.27,52.87,4,1,3,black
f323f39abf4f46569e131ccdd57ee569,13192,26,46,3.6556390622295662,7.3001,33.86,32,1,56,scam
yaoji,6163,13,35,2.321928094887362,1.2,6.92,5,1,32,sex
com.gchfm.gchfm1,9792,30,41,2.9056390622295662,23.1208,30.1,16,1,56,scam
reop4009,5685,22,58,2.75,6.2,26.48,8,1,6,gamble
mt_0727,2207,22,46,2.521640636343318,1.02,23.93,7,1,6,sex
com.lbuwgmpm,2843,10,15,3.188721875540867,1.0,8.02,12,1,4,scam
yxwpfz0019,12023,18,18,3.1219280948873624,30.2,10.04,10,1,103,black
dafanhao_official_vy5cnove_1.0.0,11480,22,98,3.9292292966721747,1.0,25.76,32,1,20,black
‰æ†ÂÆ¢Ê∏∏H5,6523,35,12,2.321928094887362,1.0,4.43,5,0,49,white
xshhxhz1215,2915,4,15,2.663532754804255,1.0,38.71,11,0,9,sex
Á≥ñÂøÉVlog,5468,9,48,2.584962500721156,23.1026,24.13,6,1,40,scam
Click_me_to_install_SnapTube_tube_snaptube2021_ad,26508,33,60,4.172443834665063,7.0907096131,22.43,49,1,153,white
kb-ycpa52,5066,14,26,3.169925001442312,2.1,11.82,9,1,21,white
zjbwdl23cs,11637,22,43,3.321928094887362,2.9,47.26,10,1,126,white
217317,13086,17,20,1.9182958340544893,2.01,17.96,6,1,67,black
xpjylc805202_Android_production,15156,34,105,4.1313003425053605,2.0,39.3,31,1,19,gamble
csss01,27389,67,158,1.7924812503605778,6.140202310181836,99.28,6,1,101,sex
zt,8128,12,39,1.0,3.2,17.72,2,1,61,sex
80028,34,12,14,10,8.3272,11.96,5,0,0,black
qchx,11254,35,59,2.0,4.0,32.47,4,0,60,white
huikerenmai.3.0.0,7276,24,11,3.4548223999466066,3.0,10.07,17,1,18,scam
zhihu_20230717115256_3.2.0-zxza281,3628,14,42,3.878068268345523,3.2,35.87,34,1,6,sex
douyin18,5094,13,30,3.0,9.99,10.33,8,0,10,black
qiangzhuan_v0.7_downyi.com,699,2,7,4.132944044980958,0.7,23.48,26,0,6,white
console-release4.2.83.1,38,29,34,3.7081320646586016,4.2831,22.66,23,1,2,white
mv_8x8xshipin,9940,13,17,3.238901256602631,2.2,13.15,13,1,46,sex
346b2a4961918b32f9285b89a0ebeed0,27,49,38,3.6792292966721747,1.5,30.04,32,1,0,black
i5r0h0wmrrlikk8qen,7172,22,48,3.572431251322119,4.0,20.28,18,1,20,gamble
book0616,12143,26,92,2.5,2.54,48.1,8,0,78,sex
zhihu_20230714163648_3.2.0-zxza369,3628,14,42,3.9986525468781666,3.2,35.87,34,1,6,sex
android,5812,28,29,2.5216406363433186,1.117,8.78,7,1,47,white
console-release4.2.56.2,12947,28,32,3.621175542919471,4.2562,20.15,23,1,36,white
1694420787330,6746,35,71,3.085055102756477,4.1813,19.43,13,1,35,black
‰∫ëË¥¶,3617,14,60,1.0,1.01,2.95,2,1,6,white
ty720,8100,12,40,2.321928094887362,3.2,16.47,5,1,58,sex
yxwpjsq0013,12026,18,20,3.277613436819116,30.2,12.27,11,1,103,black
Cucumber-VideoÔºàÊ≠£ËÉΩÈáèÔºâ,10245,14,21,4.03740119765411,8.23286916,18.86,19,0,64,sex
app_102,14740,28,25,2.5216406363433186,1.02,30.22,7,1,168,black
caishunshop1102,17789,40,50,3.5068905956085183,1.1,63.43,15,0,146,gamble
app-zhongmei_release-release,15896,38,75,3.5785559236087936,1.02,85.22,28,1,51,white
okx-android,65237,79,933,3.0957952550009344,6.59,289.79,11,1,170,scam
MINSHENG,2289,2,8,2.75,1.0,33.01,8,1,5,scam
dge8161,7172,22,48,2.521640636343318,4.0,20.26,7,1,20,gamble
xiluwei1,276,6,45,2.75,6.67,37.73,8,0,2,black
aoye_1.0.3_2023-05-27-16-06,8176,25,24,3.6158175946759328,1.03,11.27,27,1,32,black
0a0bfbf9596647e5ba02d32b75eed7e7,6232,21,92,3.577819531114783,4.67,16.55,32,1,36,black
67,4428,8,29,1.0,3.5,9.49,2,1,13,sex
fulao2_202B,78,26,20,3.027169118440619,2.02,9.86,11,1,0,sex
15-hc490app-release,3715,4,5,3.6818808028034025,1.0,2.14,19,1,6,gamble
feiniao10021,5783,16,29,3.084962500721156,2.55,33.67,12,1,26,white
HXgroup,2817,11,13,2.807354922057604,3.11,16.03,7,1,4,scam
stmn,4246,7,8,2.0,1.0,1.66,4,1,15,black
yxwpfz0355,12023,18,18,3.1219280948873624,30.2,10.07,10,1,103,black
app-hgc-release-4.16.2,22210,35,48,3.7544418457133446,4.162,34.93,22,1,322,black
wx,16088,45,91,10,4.17,60.14,2,0,68,scam
15060399,288,6,181,2.5,3.43,96.46,8,1,0,black
lds112,12765,33,75,2.251629167387823,1.12,57.97,6,0,57,white
dgfcvvbbv.ndsf34tewr.reysfawewew,12226,62,342,10,9.66,95.79,32,0,126,scam
shlsys0283,7868,12,27,2.8464393446710154,2.719,11.64,10,1,39,sex
ymxxl-90015,1790,13,102,3.095795255000934,2.01,92.36,11,1,3,white
ETos,3487,12,14,2.0,1.44,3.58,4,1,6,white
2871128,31,31,46,1.9502120649147465,1.4,19.39,7,1,2,white
appStore-prod7ARelease7A-1.6.2-16020,3051,100,8,4.127986806877675,1.62,7.76,36,1,6,black
com.nqsvq6mfuhihkrndesw7putcwvxt,19436,69,199,4.375,1.0020240115,63.33,32,1,69,scam
onege_0930,16108,32,86,2.9219280948873623,9.99,28.83,10,1,103,white
‚ôö,15361,73,108,-0.0,1.0,89.33,1,0,296,scam
app-product-release,22708,40,57,3.43162356584743,1.051,40.35,19,1,205,white
gongfuyingyuan952671,27,25,47,3.6464393446710153,1.11,30.1,20,1,0,black
18-hc454app-release,3715,4,5,3.5766176449086653,1.0,2.14,19,1,6,black
shiwenys0017,7862,12,27,3.2516291673878226,2.718,11.64,12,1,39,sex
htclw39f2,15742,34,88,3.169925001442312,3.9,60.95,9,1,76,white
base8,14328,57,73,10,5.3275,40.95,5,0,72,scam
ddttmh0003,7668,12,26,2.4464393446710155,2.7,10.34,10,1,39,sex
vcl298,34,36,51,2.584962500721156,2.584,28.5,6,1,0,sex
yxwpjsq0020,12026,18,20,3.027169118440619,30.2,12.26,11,1,103,black
com.H3hQkPV0O.YHCcl,8049,10,26,3.932138039759373,1.0,25.49,19,1,68,scam
lgwy,14328,57,90,10,3.175,38.67,4,0,72,scam
10,7214,43,40,1.0,1.06,26.53,2,0,51,black
6e6e7d31167eb17b715ba72a7326d0e4,3621,18,13,3.3667292966721747,1.8,5.43,32,1,17,sex
kdgexuera,108,13,9,10,1.0,17.9,9,0,4,sex
gotobrowser-2.10-rev9-release,3409,10,9,3.7848977027564086,2.109,11.29,29,1,29,black
my5obk0m72is,7172,22,48,3.418295834054489,4.0,20.27,12,1,20,gamble
P35_3915_com.longquan126.cn_v1511_202307010340,6564,35,66,4.14564721724714,1.511,41.5,46,1,14,gamble
taxmobile-gds-release_146_sign,15,42,99,4.081727678869736,1.46,51.97,30,1,0,white
ant0531,4822,11,27,2.807354922057604,2.64,14.95,7,1,10,black
pz_plugin_works_v1.1_release_new,4714,9,9,3.9496987351738495,1.1,3.48,32,0,9,white
iwantu.app,6633,34,68,2.9219280948873623,1.16,25.03,10,0,21,sex
paiqiushaonian_v1.5.0_downyi.com,9759,11,91,4.093139062229566,1.5,33.46,32,1,16,black
shlsys1008,7868,12,27,2.6464393446710157,2.719,11.66,10,1,39,sex
appshare,3247,9,47,2.5,4.9,23.62,8,1,5,sex
123ebf48f6c67f848243be607eff6833,9721,29,41,3.402518266288633,2.2,17.29,32,1,30,black
cg51.313-230727,2207,22,49,3.1898980954642875,3.14,22.39,15,1,6,gamble
xlcs_2001,6456,13,18,2.9477027792200903,1.0,62.24,9,1,15,white
xingman-v3.1.1-20230617091656879_nbhome1,7576,24,43,4.325070520364182,3.11,28.41,40,1,50,sex
WindmillVPN_v2.61,5565,12,21,3.8521687236032816,2.61,7.46,17,1,14,black
6768,4242,24,8,1.5,1.0,2.96,4,1,7,gamble
7c319ea46c93aa3a10b4e021dc8880d7,30731,58,137,3.694548827786958,1.05714,89.01,32,1,239,black
com.edwtjx.nhftfbvw,14328,57,91,10,8.7936,38.43,19,0,72,scam
lmhs,11254,35,55,2.0,2.1,32.53,4,0,60,white
38-hc142app-release,3715,4,5,3.6818808028034025,1.0,2.12,19,1,6,black
shlsys0260,7868,12,27,2.6464393446710153,2.719,11.64,10,1,39,sex
1ace25ed992a997d43362ed4f0665e95,3983,7,71,3.6053377974034158,1.0,23.95,32,1,10,gamble
sotong_v2.0.6-20230615101223180,7576,25,53,3.689058215261919,2.07,28.98,31,1,50,sex
QING M,14992,72,173,10,1.0,70.58,6,0,287,scam
Ï≤úÍµ≠,15235,72,83,1.0,1.0,77.84,2,0,294,scam
6tydj6ty1351,7172,22,48,2.9182958340544896,4.0,20.26,12,1,20,gamble
mmst,34,30,116,1.5,4.18,75.63,4,1,0,white
b6xfgn1g66,7172,22,48,2.6464393446710153,4.0,20.26,10,1,20,gamble
etralab_appstore_android,5437,12,9,3.5535088547976788,0.17,5.01,24,1,6,white
cic,2798,11,14,0.9182958340544896,3.11,16.8,3,1,4,scam
cxzq,34,24,26,2.0,24.0217,34.56,4,1,0,scam
jmcomicios2.mic,21202,31,40,2.822579761842491,2.53,33.05,15,1,191,black
5fb30c036f96264461c6ae42587ed0dd,11366,25,63,3.8164280318460246,2.48,17.85,32,0,18,sex
cdj2j_qra48,23,17,13,3.277613436819116,1.17,24.78,11,1,0,sex
base7,5098,24,24,2.321928094887362,1.0,46.08,5,1,6,scam
bbegad.dcdbce.aiahjf,4232,6,30,3.3086949695628416,1.0,12.84,20,0,19,scam
11-hc459app-release,3715,4,5,3.5766176449086657,1.0,2.14,19,1,6,gamble
weizhibiji_v7.8.3_downyi.com,11224,31,52,4.008621780036165,7.83,39.06,28,1,130,white
ajyl,3184,15,106,2.0,1.001,50.54,4,1,11,gamble
kuaigou70004,7836,15,32,3.0220552088742,2.42,33.27,12,1,32,white
shlsys0078,7868,12,27,2.6464393446710153,2.719,11.65,10,1,39,sex
com.unkk.hcvv,2374,11,34,3.085055102756477,8.161,10.44,13,1,4,scam
%E5%BF%AB%E9%B8%9F1.2.48,34,20,52,3.3239348962840563,1.248,12.31,24,1,0,black
com.ccywlw.tmymmhxp,14328,57,91,10,5.6929,39.29,19,0,72,scam
SHENGTAIHULINYUAN-1.0.0.097,13355,48,118,3.9302703722934544,1.00097,67.05,27,1,155,white
jms_8395,9767,9,86,3.0,1.63,35.17,8,1,31,black
ttacg,27,47,47,1.9219280948873623,1.04,24.08,5,1,0,scam
bcbejafn.jfcgjbdo.fhjbdacp,1494,7,13,3.488525294897748,1.0,6.67,26,0,3,scam
qwlm-2.2.3,10806,18,117,2.9219280948873623,2.23,109.75,10,1,71,scam
soutong,19226,57,199,2.5216406363433186,5.1600409,68.1,7,1,57,sex
mv_beautybox,9940,13,17,3.418295834054489,2.2,13.15,12,1,46,white
ymxxl-90008,1790,13,102,2.8453509366224368,2.01,92.36,11,1,3,white
24-cb6683app-release,3715,4,5,3.6841837197791882,1.0,2.13,20,1,6,gamble
qslkjfzsxz1050542,23497,33,91,3.6168746059562227,1.0,43.84,17,1,177,white
zhejiangxinwen11648,15937,39,77,3.6818808028034016,8.37,71.22,19,1,34,white
yxwpjsq0031,12026,18,20,3.277613436819116,30.2,12.27,11,1,103,black
tiexzz,635,6,153,2.2516291673878226,1.15,24.37,6,1,4,white
08dfd969cec257830fe0a1461bf95968,10724,32,77,3.8431390622295662,1.06,116.96,32,0,45,sex
zgm,3617,14,61,1.584962500721156,1.0,4.55,3,1,6,white
ths_dt,25423,32,381,2.2516291673878226,9.0031,85.31,6,1,143,scam
tiancheng.apptc.xks4zbh,6904,17,51,3.9148663038831004,1.01,37.39,23,0,51,scam
Ê¥æÂ§ßÊòü,14993,72,204,10,1.0,70.4,3,0,288,scam
tianf.tfet.hsjl,4985,6,7,3.3232314287976203,1.0,14.62,15,0,12,scam
6fdccff2ad7c03e8c09de0295b9193f1,3386,9,64,3.702819531114783,2.11,353.0,32,1,23,sex
NB_Android_OneApp_v2.2.9_b11_Release_202307211342__sign,12879,32,88,4.394729486133924,2.29,30.52,55,1,66,sex
1697532276085,10482,27,53,3.085055102756477,1.0215,12.68,13,1,121,black
cartoon240313_cartoon_240309_4.0.3+114,6240,13,45,3.7871439606981396,4.03,41.7,38,1,15,sex
rxd_1.3.0,30638,36,101,2.94770277922009,1.4,50.65,9,1,234,white
com.qnmd.aslf.em027c,5671,14,61,3.7464393446710154,4.1,16.09,20,1,17,scam
B0B118D714AB4D7EA4CEF94C5C920052-7-4,11445,25,83,3.7981450574074747,5.02,58.5,36,1,21,sex
ahaspeed_android,2368,15,64,3.2806390622295662,3.3,47.73,16,1,2,black
wwxu,2555,3,39,1.5,1.0,6.32,4,1,5,sex
transtar-2.0.0,4141,15,45,3.09306920777189,2.0,51.02,14,0,16,white
zdd,27,48,46,0.9182958340544896,1.39,24.43,3,1,0,scam
cqeq,26771,67,156,1.5,6.111202307130514,81.23,4,1,111,sex
com.amap.twreidingconcerningvaliut.tokonyoutvuleva,3057,18,6,4.063981820580905,1.1,4.47,50,1,7,gamble
app_v2.0.3,10704,22,27,2.9219280948873623,2.03,36.15,10,1,12,sex
HGA0_6_5,1472,2,7,2.75,0.65,3.88,8,0,7,white
gamehall_jinxianv2,7715,22,38,3.5724312513221195,3.63,23.0,18,1,23,gamble
rj_anburuanjinaku,7453,14,18,3.013070929103845,4.1,6.8,17,1,24,sex
feiji50003,7838,15,30,2.6464393446710157,1.42,31.44,10,1,32,white
zh1212_3.0.0_release,11932,31,159,3.5841837197791886,3.0,66.76,20,1,35,gamble
ÁºòËµ∑,15598,66,235,10,1.8,80.15,2,0,292,scam
com.ggle.android.gms_203915019,39084,232,77,4.1898980954642875,20.39150404003351,75.59,30,1,43,black
com.lerist.fakelocation_1.3.2.2_1581,27,22,28,4.138830127032207,1.322,21.12,36,1,0,black
DriverApp,1856,18,5,2.725480556997868,1.0,4.53,9,1,7,black
tpSurveillance_arm64-v8a_v4_1695204374053.15.10.1132_release,13936,56,95,4.498499037874886,4.15101132,65.23,60,1,51,white
mmxxl-90024,1790,13,68,2.9139770731827523,2.01,83.52,11,1,3,white
doule1109,13794,32,70,2.94770277922009,1.02,96.37,9,1,69,white
zzxhyofficial,34,36,41,3.238901256602631,2.58,23.14,13,1,0,black
zljec,2966,12,86,2.321928094887362,2.2,58.82,5,1,6,scam
00a918d86701af1b1acf12cfce132c01,27,14,51,3.463710641914682,5.27,24.79,32,1,0,black
huaji,7037,181,10,2.321928094887362,2.0,4.27,5,1,27,white
alsp_x1_2.1,7755,14,68,3.095795255000934,2.1,13.72,11,1,25,sex
4090643dbe68cb4dc51e615e3fe6fa77,11327,25,69,3.7889097655573916,1.15,20.98,32,1,18,sex
tdl87wxsp6bowdk04z,7172,22,48,3.94770277922009,4.0,20.28,18,1,20,gamble
leafnetnext_v3.70.01_9c64080_prod_release_2023.10.13_095225_signed,54,55,97,10,3.7001,77.83,66,0,1,black
zljec,2966,12,86,2.321928094887362,2.2,58.82,5,1,6,white
mv_xvideos,9940,13,17,3.121928094887362,2.2,13.16,10,1,46,white
zf6v816zf8,7172,22,48,2.5219280948873624,4.0,20.26,10,1,20,gamble
pili212-230617,1744,13,20,3.182005814760214,2.12,22.72,14,1,4,sex
cz751,5985,3,11,2.321928094887362,2.0,3.22,5,1,52,gamble
ÊπòÂª∫‰∫ë1.0.46,9953,24,121,2.94770277922009,1.046,44.79,9,1,27,white
com.cxgyr.cxgyr,6597,29,44,2.9232314287976213,23.1117,30.82,15,1,43,scam
525027,13086,17,20,1.9182958340544893,2.01,17.96,6,1,67,black
HCS,4961,12,52,1.584962500721156,1.0,18.67,3,1,11,scam
607029,13086,17,20,2.2516291673878226,2.01,17.95,6,1,67,black
xctvtbb969305,1606,9,258,3.238901256602631,5.2,45.92,13,1,6,black
815018,13086,17,20,1.9182958340544893,2.01,17.94,6,1,67,black
qqhh,4211,2,9,1.0,1.0,3.39,4,1,6,black
mv_daxiangchuanmei,9940,13,17,3.5724312513221195,2.2,13.16,18,1,46,white
zt0720,8100,12,39,2.2516291673878226,3.2,15.72,6,1,58,sex
com.gchfm.gchfm,9792,30,41,2.739572261986723,23.1208,30.1,15,1,56,scam
adbddk.aabdel.badgbm,1494,7,8,2.841446071165522,1.0,2.5,20,0,3,scam
211,34,12,14,10,1.0,11.91,3,0,0,sex
